<?xml version="1.0" encoding="UTF-8" ?>
<!-- This is a WordPress eXtended RSS file generated by WordPress as an export of your site. -->
<!-- It contains information about your site's posts, pages, comments, categories, and other content. -->
<!-- You may use this file to transfer that content from one site to another. -->
<!-- This file is not intended to serve as a complete backup of your site. -->

<!-- To import this information into a WordPress site follow these steps: -->
<!-- 1. Log in to that site as an administrator. -->
<!-- 2. Go to Tools: Import in the WordPress admin panel. -->
<!-- 3. Install the "WordPress" importer from the list. -->
<!-- 4. Activate & Run Importer. -->
<!-- 5. Upload this file using the form provided on that page. -->
<!-- 6. You will first be asked to map the authors in this export file to users -->
<!--    on the site. For each author, you may choose to map to an -->
<!--    existing user on the site or to create a new user. -->
<!-- 7. WordPress will then import each of the posts, pages, comments, categories, etc. -->
<!--    contained in this file into your site. -->

	<!-- generator="WordPress/5.9.2" created="2022-03-17 02:33" -->
<rss version="2.0"
	xmlns:excerpt="http://wordpress.org/export/1.2/excerpt/"
	xmlns:content="http://purl.org/rss/1.0/modules/content/"
	xmlns:wfw="http://wellformedweb.org/CommentAPI/"
	xmlns:dc="http://purl.org/dc/elements/1.1/"
	xmlns:wp="http://wordpress.org/export/1.2/"
>

<channel>
	<title>WP Devs</title>
	<link>http://wp-devs.local</link>
	<description>Just another WordPress site</description>
	<pubDate>Thu, 17 Mar 2022 02:33:15 +0000</pubDate>
	<language>en-US</language>
	<wp:wxr_version>1.2</wp:wxr_version>
	<wp:base_site_url>http://wp-devs.local</wp:base_site_url>
	<wp:base_blog_url>http://wp-devs.local</wp:base_blog_url>

		<wp:author><wp:author_id>1</wp:author_id><wp:author_login><![CDATA[marcelo]]></wp:author_login><wp:author_email><![CDATA[marceloquinze@gmail.com]]></wp:author_email><wp:author_display_name><![CDATA[marcelo]]></wp:author_display_name><wp:author_first_name><![CDATA[]]></wp:author_first_name><wp:author_last_name><![CDATA[]]></wp:author_last_name></wp:author>

				
	<generator>https://wordpress.org/?v=5.9.2</generator>

		<item>
		<title><![CDATA[Hello world!]]></title>
		<link>http://wp-devs.local/hello-world/</link>
		<pubDate>Mon, 28 Feb 2022 14:07:18 +0000</pubDate>
		<dc:creator><![CDATA[marcelo]]></dc:creator>
		<guid isPermaLink="false">http://wp-devs.local/?p=1</guid>
		<description></description>
		<content:encoded><![CDATA[<!-- wp:paragraph -->
<p>Welcome to WordPress. This is your first lorem ipsum post. Edit or delete it, then start writing!</p>
<!-- /wp:paragraph -->]]></content:encoded>
		<excerpt:encoded><![CDATA[]]></excerpt:encoded>
		<wp:post_id>1</wp:post_id>
		<wp:post_date><![CDATA[2022-02-28 14:07:18]]></wp:post_date>
		<wp:post_date_gmt><![CDATA[2022-02-28 14:07:18]]></wp:post_date_gmt>
		<wp:post_modified><![CDATA[2022-03-17 02:26:07]]></wp:post_modified>
		<wp:post_modified_gmt><![CDATA[2022-03-17 02:26:07]]></wp:post_modified_gmt>
		<wp:comment_status><![CDATA[open]]></wp:comment_status>
		<wp:ping_status><![CDATA[open]]></wp:ping_status>
		<wp:post_name><![CDATA[hello-world]]></wp:post_name>
		<wp:status><![CDATA[publish]]></wp:status>
		<wp:post_parent>0</wp:post_parent>
		<wp:menu_order>0</wp:menu_order>
		<wp:post_type><![CDATA[post]]></wp:post_type>
		<wp:post_password><![CDATA[]]></wp:post_password>
		<wp:is_sticky>0</wp:is_sticky>
										<category domain="post_tag" nicename="tag-1"><![CDATA[tag 1]]></category>
		<category domain="post_tag" nicename="tag-3"><![CDATA[tag 3]]></category>
		<category domain="post_tag" nicename="tag2"><![CDATA[tag2]]></category>
		<category domain="category" nicename="uncategorized"><![CDATA[Uncategorized]]></category>
						<wp:postmeta>
		<wp:meta_key><![CDATA[_edit_last]]></wp:meta_key>
		<wp:meta_value><![CDATA[1]]></wp:meta_value>
		</wp:postmeta>
							<wp:postmeta>
		<wp:meta_key><![CDATA[_thumbnail_id]]></wp:meta_key>
		<wp:meta_value><![CDATA[49]]></wp:meta_value>
		</wp:postmeta>
							<wp:comment>
			<wp:comment_id>1</wp:comment_id>
			<wp:comment_author><![CDATA[A WordPress Commenter]]></wp:comment_author>
			<wp:comment_author_email><![CDATA[wapuu@wordpress.example]]></wp:comment_author_email>
			<wp:comment_author_url>https://wordpress.org/</wp:comment_author_url>
			<wp:comment_author_IP><![CDATA[]]></wp:comment_author_IP>
			<wp:comment_date><![CDATA[2022-02-28 14:07:18]]></wp:comment_date>
			<wp:comment_date_gmt><![CDATA[2022-02-28 14:07:18]]></wp:comment_date_gmt>
			<wp:comment_content><![CDATA[Hi, this is a comment.
To get started with moderating, editing, and deleting comments, please visit the Comments screen in the dashboard.
Commenter avatars come from <a href="https://gravatar.com">Gravatar</a>.]]></wp:comment_content>
			<wp:comment_approved><![CDATA[1]]></wp:comment_approved>
			<wp:comment_type><![CDATA[comment]]></wp:comment_type>
			<wp:comment_parent>0</wp:comment_parent>
			<wp:comment_user_id>0</wp:comment_user_id>
							</wp:comment>
					</item>
					<item>
		<title><![CDATA[Web Development]]></title>
		<link>http://wp-devs.local/web-development/</link>
		<pubDate>Tue, 08 Mar 2022 12:47:48 +0000</pubDate>
		<dc:creator><![CDATA[marcelo]]></dc:creator>
		<guid isPermaLink="false">http://wp-devs.local/?p=41</guid>
		<description></description>
		<content:encoded><![CDATA[<!-- wp:paragraph -->
<p>Nibh mauris cursus mattis molestie a iaculis at. Lacinia at quis risus sed vulputate odio. Sit amet nisl purus in mollis. Mattis rhoncus lorem ipsum urna neque viverra justo. Elit pellentesque habitant morbi tristique senectus et. Ut pharetra sit amet aliquam id diam maecenas ultricies mi. </p>
<!-- /wp:paragraph -->

<!-- wp:paragraph -->
<p>Volutpat lacus laoreet non curabitur gravida arcu ac. Ut ornare lectus sit amet est placerat in egestas. Arcu non sodales neque sodales. At imperdiet dui accumsan sit amet nulla.&nbsp;</p>
<!-- /wp:paragraph -->]]></content:encoded>
		<excerpt:encoded><![CDATA[]]></excerpt:encoded>
		<wp:post_id>41</wp:post_id>
		<wp:post_date><![CDATA[2022-03-08 12:47:48]]></wp:post_date>
		<wp:post_date_gmt><![CDATA[2022-03-08 12:47:48]]></wp:post_date_gmt>
		<wp:post_modified><![CDATA[2022-03-17 02:28:07]]></wp:post_modified>
		<wp:post_modified_gmt><![CDATA[2022-03-17 02:28:07]]></wp:post_modified_gmt>
		<wp:comment_status><![CDATA[open]]></wp:comment_status>
		<wp:ping_status><![CDATA[open]]></wp:ping_status>
		<wp:post_name><![CDATA[web-development]]></wp:post_name>
		<wp:status><![CDATA[publish]]></wp:status>
		<wp:post_parent>0</wp:post_parent>
		<wp:menu_order>0</wp:menu_order>
		<wp:post_type><![CDATA[post]]></wp:post_type>
		<wp:post_password><![CDATA[]]></wp:post_password>
		<wp:is_sticky>0</wp:is_sticky>
										<category domain="post_tag" nicename="tag-1"><![CDATA[tag 1]]></category>
		<category domain="post_tag" nicename="tag-3"><![CDATA[tag 3]]></category>
		<category domain="post_tag" nicename="tag2"><![CDATA[tag2]]></category>
		<category domain="category" nicename="web-development"><![CDATA[Web Development]]></category>
						<wp:postmeta>
		<wp:meta_key><![CDATA[_thumbnail_id]]></wp:meta_key>
		<wp:meta_value><![CDATA[54]]></wp:meta_value>
		</wp:postmeta>
							<wp:postmeta>
		<wp:meta_key><![CDATA[_edit_last]]></wp:meta_key>
		<wp:meta_value><![CDATA[1]]></wp:meta_value>
		</wp:postmeta>
							</item>
					<item>
		<title><![CDATA[Social Media]]></title>
		<link>http://wp-devs.local/social-media/</link>
		<pubDate>Tue, 08 Mar 2022 12:50:34 +0000</pubDate>
		<dc:creator><![CDATA[marcelo]]></dc:creator>
		<guid isPermaLink="false">http://wp-devs.local/?p=43</guid>
		<description></description>
		<content:encoded><![CDATA[<!-- wp:paragraph -->
<p>Elit pellentesque habitant morbi tristique senectus et. Ut pharetra sit amet aliquam id diam maecenas ultricies mi. Volutpat lacus laoreet non lorem ipsum curabitur gravida arcu ac. Ut ornare lectus sit amet est placerat in egestas. Arcu non sodales neque sodales. </p>
<!-- /wp:paragraph -->

<!-- wp:paragraph -->
<p>At imperdiet dui accumsan sit amet nulla. Id faucibus nisl tincidunt eget nullam non nisi est sit. Vestibulum morbi blandit cursus risus at ultrices. Mattis nunc sed blandit libero volutpat sed cras ornare arcu.&nbsp;</p>
<!-- /wp:paragraph -->]]></content:encoded>
		<excerpt:encoded><![CDATA[]]></excerpt:encoded>
		<wp:post_id>43</wp:post_id>
		<wp:post_date><![CDATA[2022-03-08 12:50:34]]></wp:post_date>
		<wp:post_date_gmt><![CDATA[2022-03-08 12:50:34]]></wp:post_date_gmt>
		<wp:post_modified><![CDATA[2022-03-17 02:21:33]]></wp:post_modified>
		<wp:post_modified_gmt><![CDATA[2022-03-17 02:21:33]]></wp:post_modified_gmt>
		<wp:comment_status><![CDATA[open]]></wp:comment_status>
		<wp:ping_status><![CDATA[open]]></wp:ping_status>
		<wp:post_name><![CDATA[social-media]]></wp:post_name>
		<wp:status><![CDATA[publish]]></wp:status>
		<wp:post_parent>0</wp:post_parent>
		<wp:menu_order>0</wp:menu_order>
		<wp:post_type><![CDATA[post]]></wp:post_type>
		<wp:post_password><![CDATA[]]></wp:post_password>
		<wp:is_sticky>0</wp:is_sticky>
										<category domain="category" nicename="social-media"><![CDATA[Social Media]]></category>
		<category domain="post_tag" nicename="tag-1"><![CDATA[tag 1]]></category>
		<category domain="post_tag" nicename="tag-3"><![CDATA[tag 3]]></category>
		<category domain="post_tag" nicename="tag2"><![CDATA[tag2]]></category>
						<wp:postmeta>
		<wp:meta_key><![CDATA[_thumbnail_id]]></wp:meta_key>
		<wp:meta_value><![CDATA[61]]></wp:meta_value>
		</wp:postmeta>
							<wp:postmeta>
		<wp:meta_key><![CDATA[_edit_last]]></wp:meta_key>
		<wp:meta_value><![CDATA[1]]></wp:meta_value>
		</wp:postmeta>
							</item>
					<item>
		<title><![CDATA[Web Design]]></title>
		<link>http://wp-devs.local/web-design/</link>
		<pubDate>Tue, 08 Mar 2022 12:59:38 +0000</pubDate>
		<dc:creator><![CDATA[marcelo]]></dc:creator>
		<guid isPermaLink="false">http://wp-devs.local/?p=45</guid>
		<description></description>
		<content:encoded><![CDATA[<!-- wp:paragraph -->
<p>Dui ut ornare lectus sit amet est. Nibh mauris cursus mattis molestie a iaculis at. Lacinia at quis risus sed vulputate odio. Sit amet nisl purus in mollis. Mattis lorem ipsum rhoncus urna neque viverra justo. Elit pellentesque habitant morbi tristique senectus et. </p>
<!-- /wp:paragraph -->

<!-- wp:paragraph -->
<p>Ut pharetra sit amet aliquam id diam maecenas ultricies mi. Volutpat lacus laoreet non curabitur gravida arcu ac. Ut ornare lectus sit amet est placerat in egestas. Arcu non sodales neque sodales.&nbsp;</p>
<!-- /wp:paragraph -->]]></content:encoded>
		<excerpt:encoded><![CDATA[]]></excerpt:encoded>
		<wp:post_id>45</wp:post_id>
		<wp:post_date><![CDATA[2022-03-08 12:59:38]]></wp:post_date>
		<wp:post_date_gmt><![CDATA[2022-03-08 12:59:38]]></wp:post_date_gmt>
		<wp:post_modified><![CDATA[2022-03-17 02:31:06]]></wp:post_modified>
		<wp:post_modified_gmt><![CDATA[2022-03-17 02:31:06]]></wp:post_modified_gmt>
		<wp:comment_status><![CDATA[open]]></wp:comment_status>
		<wp:ping_status><![CDATA[open]]></wp:ping_status>
		<wp:post_name><![CDATA[web-design]]></wp:post_name>
		<wp:status><![CDATA[publish]]></wp:status>
		<wp:post_parent>0</wp:post_parent>
		<wp:menu_order>0</wp:menu_order>
		<wp:post_type><![CDATA[post]]></wp:post_type>
		<wp:post_password><![CDATA[]]></wp:post_password>
		<wp:is_sticky>0</wp:is_sticky>
										<category domain="post_tag" nicename="tag-1"><![CDATA[tag 1]]></category>
		<category domain="post_tag" nicename="tag-3"><![CDATA[tag 3]]></category>
		<category domain="post_tag" nicename="tag2"><![CDATA[tag2]]></category>
		<category domain="category" nicename="web-design"><![CDATA[Web Design]]></category>
						<wp:postmeta>
		<wp:meta_key><![CDATA[_thumbnail_id]]></wp:meta_key>
		<wp:meta_value><![CDATA[101]]></wp:meta_value>
		</wp:postmeta>
							<wp:postmeta>
		<wp:meta_key><![CDATA[_edit_last]]></wp:meta_key>
		<wp:meta_value><![CDATA[1]]></wp:meta_value>
		</wp:postmeta>
							</item>
					<item>
		<title><![CDATA[Hello world! #2]]></title>
		<link>http://wp-devs.local/hello-world-2/</link>
		<pubDate>Mon, 28 Feb 2022 14:09:54 +0000</pubDate>
		<dc:creator><![CDATA[marcelo]]></dc:creator>
		<guid isPermaLink="false">http://wp-devs.local/?p=75</guid>
		<description></description>
		<content:encoded><![CDATA[<!-- wp:paragraph -->
<p>Welcome to WordPress. This is your first lorem ipsum post. Edit or delete it, then start writing!</p>
<!-- /wp:paragraph -->]]></content:encoded>
		<excerpt:encoded><![CDATA[]]></excerpt:encoded>
		<wp:post_id>75</wp:post_id>
		<wp:post_date><![CDATA[2022-02-28 14:09:54]]></wp:post_date>
		<wp:post_date_gmt><![CDATA[2022-02-28 14:09:54]]></wp:post_date_gmt>
		<wp:post_modified><![CDATA[2022-03-17 02:27:28]]></wp:post_modified>
		<wp:post_modified_gmt><![CDATA[2022-03-17 02:27:28]]></wp:post_modified_gmt>
		<wp:comment_status><![CDATA[open]]></wp:comment_status>
		<wp:ping_status><![CDATA[open]]></wp:ping_status>
		<wp:post_name><![CDATA[hello-world-2]]></wp:post_name>
		<wp:status><![CDATA[publish]]></wp:status>
		<wp:post_parent>0</wp:post_parent>
		<wp:menu_order>0</wp:menu_order>
		<wp:post_type><![CDATA[post]]></wp:post_type>
		<wp:post_password><![CDATA[]]></wp:post_password>
		<wp:is_sticky>0</wp:is_sticky>
										<category domain="post_tag" nicename="tag1"><![CDATA[tag1]]></category>
		<category domain="post_tag" nicename="tag2"><![CDATA[tag2]]></category>
		<category domain="post_tag" nicename="tag3"><![CDATA[tag3]]></category>
		<category domain="category" nicename="uncategorized"><![CDATA[Uncategorized]]></category>
						<wp:postmeta>
		<wp:meta_key><![CDATA[_cdp_origin]]></wp:meta_key>
		<wp:meta_value><![CDATA[1]]></wp:meta_value>
		</wp:postmeta>
							<wp:postmeta>
		<wp:meta_key><![CDATA[_cdp_origin_site]]></wp:meta_key>
		<wp:meta_value><![CDATA[-1]]></wp:meta_value>
		</wp:postmeta>
							<wp:postmeta>
		<wp:meta_key><![CDATA[_cdp_origin_title]]></wp:meta_key>
		<wp:meta_value><![CDATA[ Hello world! #[Counter]]]></wp:meta_value>
		</wp:postmeta>
							<wp:postmeta>
		<wp:meta_key><![CDATA[_cdp_counter]]></wp:meta_key>
		<wp:meta_value><![CDATA[2]]></wp:meta_value>
		</wp:postmeta>
							<wp:postmeta>
		<wp:meta_key><![CDATA[_edit_last]]></wp:meta_key>
		<wp:meta_value><![CDATA[1]]></wp:meta_value>
		</wp:postmeta>
							<wp:postmeta>
		<wp:meta_key><![CDATA[_wp_old_slug]]></wp:meta_key>
		<wp:meta_value><![CDATA[hello-world]]></wp:meta_value>
		</wp:postmeta>
							<wp:postmeta>
		<wp:meta_key><![CDATA[_wp_old_date]]></wp:meta_key>
		<wp:meta_value><![CDATA[2022-03-17]]></wp:meta_value>
		</wp:postmeta>
							<wp:postmeta>
		<wp:meta_key><![CDATA[_thumbnail_id]]></wp:meta_key>
		<wp:meta_value><![CDATA[52]]></wp:meta_value>
		</wp:postmeta>
							</item>
					<item>
		<title><![CDATA[Web Development #2]]></title>
		<link>http://wp-devs.local/web-development-2/</link>
		<pubDate>Tue, 08 Mar 2022 12:49:12 +0000</pubDate>
		<dc:creator><![CDATA[marcelo]]></dc:creator>
		<guid isPermaLink="false">http://wp-devs.local/?p=78</guid>
		<description></description>
		<content:encoded><![CDATA[<!-- wp:paragraph -->
<p>Nibh mauris cursus mattis molestie a iaculis at. Lacinia at quis risus sed vulputate odio. Sit amet nisl purus in mollis. Mattis rhoncus urna lorem ipsum neque viverra justo. Elit pellentesque habitant morbi tristique senectus et. Ut pharetra sit amet aliquam id diam maecenas ultricies mi. </p>
<!-- /wp:paragraph -->

<!-- wp:paragraph -->
<p>Volutpat lacus laoreet non curabitur gravida arcu ac. Ut ornare lectus sit amet est placerat in egestas. Arcu non sodales neque sodales. At imperdiet dui accumsan sit amet nulla.&nbsp;</p>
<!-- /wp:paragraph -->]]></content:encoded>
		<excerpt:encoded><![CDATA[]]></excerpt:encoded>
		<wp:post_id>78</wp:post_id>
		<wp:post_date><![CDATA[2022-03-08 12:49:12]]></wp:post_date>
		<wp:post_date_gmt><![CDATA[2022-03-08 12:49:12]]></wp:post_date_gmt>
		<wp:post_modified><![CDATA[2022-03-17 02:29:11]]></wp:post_modified>
		<wp:post_modified_gmt><![CDATA[2022-03-17 02:29:11]]></wp:post_modified_gmt>
		<wp:comment_status><![CDATA[open]]></wp:comment_status>
		<wp:ping_status><![CDATA[open]]></wp:ping_status>
		<wp:post_name><![CDATA[web-development-2]]></wp:post_name>
		<wp:status><![CDATA[publish]]></wp:status>
		<wp:post_parent>0</wp:post_parent>
		<wp:menu_order>0</wp:menu_order>
		<wp:post_type><![CDATA[post]]></wp:post_type>
		<wp:post_password><![CDATA[]]></wp:post_password>
		<wp:is_sticky>0</wp:is_sticky>
										<category domain="post_tag" nicename="tag-1"><![CDATA[tag 1]]></category>
		<category domain="post_tag" nicename="tag-3"><![CDATA[tag 3]]></category>
		<category domain="post_tag" nicename="tag2"><![CDATA[tag2]]></category>
		<category domain="category" nicename="web-development"><![CDATA[Web Development]]></category>
						<wp:postmeta>
		<wp:meta_key><![CDATA[_cdp_origin]]></wp:meta_key>
		<wp:meta_value><![CDATA[41]]></wp:meta_value>
		</wp:postmeta>
							<wp:postmeta>
		<wp:meta_key><![CDATA[_cdp_origin_site]]></wp:meta_key>
		<wp:meta_value><![CDATA[-1]]></wp:meta_value>
		</wp:postmeta>
							<wp:postmeta>
		<wp:meta_key><![CDATA[_cdp_origin_title]]></wp:meta_key>
		<wp:meta_value><![CDATA[ Web Development #[Counter]]]></wp:meta_value>
		</wp:postmeta>
							<wp:postmeta>
		<wp:meta_key><![CDATA[_cdp_counter]]></wp:meta_key>
		<wp:meta_value><![CDATA[2]]></wp:meta_value>
		</wp:postmeta>
							<wp:postmeta>
		<wp:meta_key><![CDATA[_thumbnail_id]]></wp:meta_key>
		<wp:meta_value><![CDATA[59]]></wp:meta_value>
		</wp:postmeta>
							<wp:postmeta>
		<wp:meta_key><![CDATA[_edit_last]]></wp:meta_key>
		<wp:meta_value><![CDATA[1]]></wp:meta_value>
		</wp:postmeta>
							<wp:postmeta>
		<wp:meta_key><![CDATA[_wp_old_date]]></wp:meta_key>
		<wp:meta_value><![CDATA[2022-03-17]]></wp:meta_value>
		</wp:postmeta>
							</item>
					<item>
		<title><![CDATA[Web Development #3]]></title>
		<link>http://wp-devs.local/web-development-3/</link>
		<pubDate>Tue, 08 Mar 2022 12:48:12 +0000</pubDate>
		<dc:creator><![CDATA[marcelo]]></dc:creator>
		<guid isPermaLink="false">http://wp-devs.local/?p=79</guid>
		<description></description>
		<content:encoded><![CDATA[<!-- wp:paragraph -->
<p>Nibh mauris cursus mattis molestie a iaculis at. Lacinia at quis risus sed vulputate odio. Sit amet nisl purus in mollis. Mattis rhoncus urna lorem ipsum neque viverra justo. Elit pellentesque habitant morbi tristique senectus et. Ut pharetra sit amet aliquam id diam maecenas ultricies mi. </p>
<!-- /wp:paragraph -->

<!-- wp:paragraph -->
<p>Volutpat lacus laoreet non curabitur gravida arcu ac. Ut ornare lectus sit amet est placerat in egestas. Arcu non sodales neque sodales. At imperdiet dui accumsan sit amet nulla.&nbsp;</p>
<!-- /wp:paragraph -->]]></content:encoded>
		<excerpt:encoded><![CDATA[]]></excerpt:encoded>
		<wp:post_id>79</wp:post_id>
		<wp:post_date><![CDATA[2022-03-08 12:48:12]]></wp:post_date>
		<wp:post_date_gmt><![CDATA[2022-03-08 12:48:12]]></wp:post_date_gmt>
		<wp:post_modified><![CDATA[2022-03-17 02:28:39]]></wp:post_modified>
		<wp:post_modified_gmt><![CDATA[2022-03-17 02:28:39]]></wp:post_modified_gmt>
		<wp:comment_status><![CDATA[open]]></wp:comment_status>
		<wp:ping_status><![CDATA[open]]></wp:ping_status>
		<wp:post_name><![CDATA[web-development-3]]></wp:post_name>
		<wp:status><![CDATA[publish]]></wp:status>
		<wp:post_parent>0</wp:post_parent>
		<wp:menu_order>0</wp:menu_order>
		<wp:post_type><![CDATA[post]]></wp:post_type>
		<wp:post_password><![CDATA[]]></wp:post_password>
		<wp:is_sticky>0</wp:is_sticky>
										<category domain="post_tag" nicename="tag-1"><![CDATA[tag 1]]></category>
		<category domain="post_tag" nicename="tag-3"><![CDATA[tag 3]]></category>
		<category domain="post_tag" nicename="tag2"><![CDATA[tag2]]></category>
		<category domain="category" nicename="web-development"><![CDATA[Web Development]]></category>
						<wp:postmeta>
		<wp:meta_key><![CDATA[_cdp_origin]]></wp:meta_key>
		<wp:meta_value><![CDATA[41]]></wp:meta_value>
		</wp:postmeta>
							<wp:postmeta>
		<wp:meta_key><![CDATA[_cdp_origin_site]]></wp:meta_key>
		<wp:meta_value><![CDATA[-1]]></wp:meta_value>
		</wp:postmeta>
							<wp:postmeta>
		<wp:meta_key><![CDATA[_cdp_origin_title]]></wp:meta_key>
		<wp:meta_value><![CDATA[ Web Development #[Counter]]]></wp:meta_value>
		</wp:postmeta>
							<wp:postmeta>
		<wp:meta_key><![CDATA[_cdp_counter]]></wp:meta_key>
		<wp:meta_value><![CDATA[3]]></wp:meta_value>
		</wp:postmeta>
							<wp:postmeta>
		<wp:meta_key><![CDATA[_thumbnail_id]]></wp:meta_key>
		<wp:meta_value><![CDATA[57]]></wp:meta_value>
		</wp:postmeta>
							<wp:postmeta>
		<wp:meta_key><![CDATA[_edit_last]]></wp:meta_key>
		<wp:meta_value><![CDATA[1]]></wp:meta_value>
		</wp:postmeta>
							<wp:postmeta>
		<wp:meta_key><![CDATA[_wp_old_date]]></wp:meta_key>
		<wp:meta_value><![CDATA[2022-03-17]]></wp:meta_value>
		</wp:postmeta>
							</item>
					<item>
		<title><![CDATA[Social Media #2]]></title>
		<link>http://wp-devs.local/social-media-2/</link>
		<pubDate>Tue, 08 Mar 2022 12:51:43 +0000</pubDate>
		<dc:creator><![CDATA[marcelo]]></dc:creator>
		<guid isPermaLink="false">http://wp-devs.local/?p=82</guid>
		<description></description>
		<content:encoded><![CDATA[<!-- wp:paragraph -->
<p>Elit pellentesque habitant morbi tristique senectus et. Ut pharetra sit amet aliquam id diam maecenas ultricies mi. Volutpat lacus laoreet non curabitur gravida arcu ac. Ut lorem ipsum ornare lectus sit amet est placerat in egestas. Arcu non sodales neque sodales. </p>
<!-- /wp:paragraph -->

<!-- wp:paragraph -->
<p>At imperdiet dui accumsan sit amet nulla. Id faucibus nisl tincidunt eget nullam non nisi est sit. Vestibulum morbi blandit cursus risus at ultrices. Mattis nunc sed blandit libero volutpat sed cras ornare arcu.&nbsp;</p>
<!-- /wp:paragraph -->]]></content:encoded>
		<excerpt:encoded><![CDATA[]]></excerpt:encoded>
		<wp:post_id>82</wp:post_id>
		<wp:post_date><![CDATA[2022-03-08 12:51:43]]></wp:post_date>
		<wp:post_date_gmt><![CDATA[2022-03-08 12:51:43]]></wp:post_date_gmt>
		<wp:post_modified><![CDATA[2022-03-17 02:30:00]]></wp:post_modified>
		<wp:post_modified_gmt><![CDATA[2022-03-17 02:30:00]]></wp:post_modified_gmt>
		<wp:comment_status><![CDATA[open]]></wp:comment_status>
		<wp:ping_status><![CDATA[open]]></wp:ping_status>
		<wp:post_name><![CDATA[social-media-2]]></wp:post_name>
		<wp:status><![CDATA[publish]]></wp:status>
		<wp:post_parent>0</wp:post_parent>
		<wp:menu_order>0</wp:menu_order>
		<wp:post_type><![CDATA[post]]></wp:post_type>
		<wp:post_password><![CDATA[]]></wp:post_password>
		<wp:is_sticky>0</wp:is_sticky>
										<category domain="category" nicename="social-media"><![CDATA[Social Media]]></category>
		<category domain="post_tag" nicename="tag-1"><![CDATA[tag 1]]></category>
		<category domain="post_tag" nicename="tag-3"><![CDATA[tag 3]]></category>
		<category domain="post_tag" nicename="tag2"><![CDATA[tag2]]></category>
						<wp:postmeta>
		<wp:meta_key><![CDATA[_cdp_origin]]></wp:meta_key>
		<wp:meta_value><![CDATA[43]]></wp:meta_value>
		</wp:postmeta>
							<wp:postmeta>
		<wp:meta_key><![CDATA[_cdp_origin_site]]></wp:meta_key>
		<wp:meta_value><![CDATA[-1]]></wp:meta_value>
		</wp:postmeta>
							<wp:postmeta>
		<wp:meta_key><![CDATA[_cdp_origin_title]]></wp:meta_key>
		<wp:meta_value><![CDATA[ Social Media #[Counter]]]></wp:meta_value>
		</wp:postmeta>
							<wp:postmeta>
		<wp:meta_key><![CDATA[_cdp_counter]]></wp:meta_key>
		<wp:meta_value><![CDATA[2]]></wp:meta_value>
		</wp:postmeta>
							<wp:postmeta>
		<wp:meta_key><![CDATA[_thumbnail_id]]></wp:meta_key>
		<wp:meta_value><![CDATA[63]]></wp:meta_value>
		</wp:postmeta>
							<wp:postmeta>
		<wp:meta_key><![CDATA[_edit_last]]></wp:meta_key>
		<wp:meta_value><![CDATA[1]]></wp:meta_value>
		</wp:postmeta>
							<wp:postmeta>
		<wp:meta_key><![CDATA[_wp_old_date]]></wp:meta_key>
		<wp:meta_value><![CDATA[2022-03-17]]></wp:meta_value>
		</wp:postmeta>
							</item>
					<item>
		<title><![CDATA[Social Media #3]]></title>
		<link>http://wp-devs.local/social-media-3/</link>
		<pubDate>Tue, 08 Mar 2022 12:52:03 +0000</pubDate>
		<dc:creator><![CDATA[marcelo]]></dc:creator>
		<guid isPermaLink="false">http://wp-devs.local/?p=83</guid>
		<description></description>
		<content:encoded><![CDATA[<!-- wp:paragraph -->
<p>Elit pellentesque habitant morbi tristique senectus et. Ut pharetra sit amet aliquam id diam maecenas ultricies mi. Volutpat lacus laoreet non curabitur lorem ipsum gravida arcu ac. Ut ornare lectus sit amet est placerat in egestas. Arcu non sodales neque sodales. </p>
<!-- /wp:paragraph -->

<!-- wp:paragraph -->
<p>At imperdiet dui accumsan sit amet nulla. Id faucibus nisl tincidunt eget nullam non nisi est sit. Vestibulum morbi blandit cursus risus at ultrices. Mattis nunc sed blandit libero volutpat sed cras ornare arcu.&nbsp;</p>
<!-- /wp:paragraph -->]]></content:encoded>
		<excerpt:encoded><![CDATA[]]></excerpt:encoded>
		<wp:post_id>83</wp:post_id>
		<wp:post_date><![CDATA[2022-03-08 12:52:03]]></wp:post_date>
		<wp:post_date_gmt><![CDATA[2022-03-08 12:52:03]]></wp:post_date_gmt>
		<wp:post_modified><![CDATA[2022-03-17 02:30:35]]></wp:post_modified>
		<wp:post_modified_gmt><![CDATA[2022-03-17 02:30:35]]></wp:post_modified_gmt>
		<wp:comment_status><![CDATA[open]]></wp:comment_status>
		<wp:ping_status><![CDATA[open]]></wp:ping_status>
		<wp:post_name><![CDATA[social-media-3]]></wp:post_name>
		<wp:status><![CDATA[publish]]></wp:status>
		<wp:post_parent>0</wp:post_parent>
		<wp:menu_order>0</wp:menu_order>
		<wp:post_type><![CDATA[post]]></wp:post_type>
		<wp:post_password><![CDATA[]]></wp:post_password>
		<wp:is_sticky>0</wp:is_sticky>
										<category domain="category" nicename="social-media"><![CDATA[Social Media]]></category>
		<category domain="post_tag" nicename="tag-1"><![CDATA[tag 1]]></category>
		<category domain="post_tag" nicename="tag-3"><![CDATA[tag 3]]></category>
		<category domain="post_tag" nicename="tag2"><![CDATA[tag2]]></category>
						<wp:postmeta>
		<wp:meta_key><![CDATA[_cdp_origin]]></wp:meta_key>
		<wp:meta_value><![CDATA[43]]></wp:meta_value>
		</wp:postmeta>
							<wp:postmeta>
		<wp:meta_key><![CDATA[_cdp_origin_site]]></wp:meta_key>
		<wp:meta_value><![CDATA[-1]]></wp:meta_value>
		</wp:postmeta>
							<wp:postmeta>
		<wp:meta_key><![CDATA[_cdp_origin_title]]></wp:meta_key>
		<wp:meta_value><![CDATA[ Social Media #[Counter]]]></wp:meta_value>
		</wp:postmeta>
							<wp:postmeta>
		<wp:meta_key><![CDATA[_cdp_counter]]></wp:meta_key>
		<wp:meta_value><![CDATA[3]]></wp:meta_value>
		</wp:postmeta>
							<wp:postmeta>
		<wp:meta_key><![CDATA[_thumbnail_id]]></wp:meta_key>
		<wp:meta_value><![CDATA[100]]></wp:meta_value>
		</wp:postmeta>
							<wp:postmeta>
		<wp:meta_key><![CDATA[_edit_last]]></wp:meta_key>
		<wp:meta_value><![CDATA[1]]></wp:meta_value>
		</wp:postmeta>
							<wp:postmeta>
		<wp:meta_key><![CDATA[_wp_old_date]]></wp:meta_key>
		<wp:meta_value><![CDATA[2022-03-17]]></wp:meta_value>
		</wp:postmeta>
							</item>
					<item>
		<title><![CDATA[Web Design #2]]></title>
		<link>http://wp-devs.local/web-design-2/</link>
		<pubDate>Tue, 08 Mar 2022 13:01:42 +0000</pubDate>
		<dc:creator><![CDATA[marcelo]]></dc:creator>
		<guid isPermaLink="false">http://wp-devs.local/?p=86</guid>
		<description></description>
		<content:encoded><![CDATA[<!-- wp:paragraph -->
<p>Dui ut ornare lectus sit amet est. Nibh mauris cursus mattis molestie a iaculis at. Lacinia at quis risus sed vulputate odio. Sit amet nisl purus in mollis. Mattis rhoncus lorem ipsum urna neque viverra justo. Elit pellentesque habitant morbi tristique senectus et. </p>
<!-- /wp:paragraph -->

<!-- wp:paragraph -->
<p>Ut pharetra sit amet aliquam id diam maecenas ultricies mi. Volutpat lacus laoreet non curabitur gravida arcu ac. Ut ornare lectus sit amet est placerat in egestas. Arcu non sodales neque sodales.&nbsp;</p>
<!-- /wp:paragraph -->]]></content:encoded>
		<excerpt:encoded><![CDATA[]]></excerpt:encoded>
		<wp:post_id>86</wp:post_id>
		<wp:post_date><![CDATA[2022-03-08 13:01:42]]></wp:post_date>
		<wp:post_date_gmt><![CDATA[2022-03-08 13:01:42]]></wp:post_date_gmt>
		<wp:post_modified><![CDATA[2022-03-17 02:32:03]]></wp:post_modified>
		<wp:post_modified_gmt><![CDATA[2022-03-17 02:32:03]]></wp:post_modified_gmt>
		<wp:comment_status><![CDATA[open]]></wp:comment_status>
		<wp:ping_status><![CDATA[open]]></wp:ping_status>
		<wp:post_name><![CDATA[web-design-2]]></wp:post_name>
		<wp:status><![CDATA[publish]]></wp:status>
		<wp:post_parent>0</wp:post_parent>
		<wp:menu_order>0</wp:menu_order>
		<wp:post_type><![CDATA[post]]></wp:post_type>
		<wp:post_password><![CDATA[]]></wp:post_password>
		<wp:is_sticky>0</wp:is_sticky>
										<category domain="post_tag" nicename="tag-1"><![CDATA[tag 1]]></category>
		<category domain="post_tag" nicename="tag-3"><![CDATA[tag 3]]></category>
		<category domain="post_tag" nicename="tag2"><![CDATA[tag2]]></category>
		<category domain="category" nicename="web-design"><![CDATA[Web Design]]></category>
						<wp:postmeta>
		<wp:meta_key><![CDATA[_cdp_origin]]></wp:meta_key>
		<wp:meta_value><![CDATA[45]]></wp:meta_value>
		</wp:postmeta>
							<wp:postmeta>
		<wp:meta_key><![CDATA[_cdp_origin_site]]></wp:meta_key>
		<wp:meta_value><![CDATA[-1]]></wp:meta_value>
		</wp:postmeta>
							<wp:postmeta>
		<wp:meta_key><![CDATA[_cdp_origin_title]]></wp:meta_key>
		<wp:meta_value><![CDATA[ Web Design #[Counter]]]></wp:meta_value>
		</wp:postmeta>
							<wp:postmeta>
		<wp:meta_key><![CDATA[_cdp_counter]]></wp:meta_key>
		<wp:meta_value><![CDATA[2]]></wp:meta_value>
		</wp:postmeta>
							<wp:postmeta>
		<wp:meta_key><![CDATA[_thumbnail_id]]></wp:meta_key>
		<wp:meta_value><![CDATA[103]]></wp:meta_value>
		</wp:postmeta>
							<wp:postmeta>
		<wp:meta_key><![CDATA[_edit_last]]></wp:meta_key>
		<wp:meta_value><![CDATA[1]]></wp:meta_value>
		</wp:postmeta>
							<wp:postmeta>
		<wp:meta_key><![CDATA[_wp_old_date]]></wp:meta_key>
		<wp:meta_value><![CDATA[2022-03-17]]></wp:meta_value>
		</wp:postmeta>
							</item>
					<item>
		<title><![CDATA[Web Design #3]]></title>
		<link>http://wp-devs.local/web-design-3/</link>
		<pubDate>Tue, 08 Mar 2022 13:00:42 +0000</pubDate>
		<dc:creator><![CDATA[marcelo]]></dc:creator>
		<guid isPermaLink="false">http://wp-devs.local/?p=87</guid>
		<description></description>
		<content:encoded><![CDATA[<!-- wp:paragraph -->
<p>Dui ut ornare lectus sit amet est. Nibh mauris cursus mattis molestie a iaculis at. Lacinia at quis risus sed vulputate odio. Sit amet nisl purus in mollis. Mattis lorem ipsum rhoncus urna neque viverra justo. Elit pellentesque habitant morbi tristique senectus et. </p>
<!-- /wp:paragraph -->

<!-- wp:paragraph -->
<p>Ut pharetra sit amet aliquam id diam maecenas ultricies mi. Volutpat lacus laoreet non curabitur gravida arcu ac. Ut ornare lectus sit amet est placerat in egestas. Arcu non sodales neque sodales.&nbsp;</p>
<!-- /wp:paragraph -->]]></content:encoded>
		<excerpt:encoded><![CDATA[]]></excerpt:encoded>
		<wp:post_id>87</wp:post_id>
		<wp:post_date><![CDATA[2022-03-08 13:00:42]]></wp:post_date>
		<wp:post_date_gmt><![CDATA[2022-03-08 13:00:42]]></wp:post_date_gmt>
		<wp:post_modified><![CDATA[2022-03-17 02:31:35]]></wp:post_modified>
		<wp:post_modified_gmt><![CDATA[2022-03-17 02:31:35]]></wp:post_modified_gmt>
		<wp:comment_status><![CDATA[open]]></wp:comment_status>
		<wp:ping_status><![CDATA[open]]></wp:ping_status>
		<wp:post_name><![CDATA[web-design-3]]></wp:post_name>
		<wp:status><![CDATA[publish]]></wp:status>
		<wp:post_parent>0</wp:post_parent>
		<wp:menu_order>0</wp:menu_order>
		<wp:post_type><![CDATA[post]]></wp:post_type>
		<wp:post_password><![CDATA[]]></wp:post_password>
		<wp:is_sticky>0</wp:is_sticky>
										<category domain="post_tag" nicename="tag-1"><![CDATA[tag 1]]></category>
		<category domain="post_tag" nicename="tag-3"><![CDATA[tag 3]]></category>
		<category domain="post_tag" nicename="tag2"><![CDATA[tag2]]></category>
		<category domain="category" nicename="web-design"><![CDATA[Web Design]]></category>
						<wp:postmeta>
		<wp:meta_key><![CDATA[_cdp_origin]]></wp:meta_key>
		<wp:meta_value><![CDATA[45]]></wp:meta_value>
		</wp:postmeta>
							<wp:postmeta>
		<wp:meta_key><![CDATA[_cdp_origin_site]]></wp:meta_key>
		<wp:meta_value><![CDATA[-1]]></wp:meta_value>
		</wp:postmeta>
							<wp:postmeta>
		<wp:meta_key><![CDATA[_cdp_origin_title]]></wp:meta_key>
		<wp:meta_value><![CDATA[ Web Design #[Counter]]]></wp:meta_value>
		</wp:postmeta>
							<wp:postmeta>
		<wp:meta_key><![CDATA[_cdp_counter]]></wp:meta_key>
		<wp:meta_value><![CDATA[3]]></wp:meta_value>
		</wp:postmeta>
							<wp:postmeta>
		<wp:meta_key><![CDATA[_thumbnail_id]]></wp:meta_key>
		<wp:meta_value><![CDATA[102]]></wp:meta_value>
		</wp:postmeta>
							<wp:postmeta>
		<wp:meta_key><![CDATA[_edit_last]]></wp:meta_key>
		<wp:meta_value><![CDATA[1]]></wp:meta_value>
		</wp:postmeta>
							<wp:postmeta>
		<wp:meta_key><![CDATA[_wp_old_date]]></wp:meta_key>
		<wp:meta_value><![CDATA[2022-03-17]]></wp:meta_value>
		</wp:postmeta>
							</item>
				</channel>
</rss>
	