<?xml version="1.0" encoding="UTF-8" ?>
<!-- This is a WordPress eXtended RSS file generated by WordPress as an export of your site. -->
<!-- It contains information about your site's posts, pages, comments, categories, and other content. -->
<!-- You may use this file to transfer that content from one site to another. -->
<!-- This file is not intended to serve as a complete backup of your site. -->

<!-- To import this information into a WordPress site follow these steps: -->
<!-- 1. Log in to that site as an administrator. -->
<!-- 2. Go to Tools: Import in the WordPress admin panel. -->
<!-- 3. Install the "WordPress" importer from the list. -->
<!-- 4. Activate & Run Importer. -->
<!-- 5. Upload this file using the form provided on that page. -->
<!-- 6. You will first be asked to map the authors in this export file to users -->
<!--    on the site. For each author, you may choose to map to an -->
<!--    existing user on the site or to create a new user. -->
<!-- 7. WordPress will then import each of the posts, pages, comments, categories, etc. -->
<!--    contained in this file into your site. -->

	<!-- generator="WordPress/5.9.2" created="2022-03-17 02:33" -->
<rss version="2.0"
	xmlns:excerpt="http://wordpress.org/export/1.2/excerpt/"
	xmlns:content="http://purl.org/rss/1.0/modules/content/"
	xmlns:wfw="http://wellformedweb.org/CommentAPI/"
	xmlns:dc="http://purl.org/dc/elements/1.1/"
	xmlns:wp="http://wordpress.org/export/1.2/"
>

<channel>
	<title>WP Devs</title>
	<link>http://wp-devs.local</link>
	<description>Just another WordPress site</description>
	<pubDate>Thu, 17 Mar 2022 02:33:46 +0000</pubDate>
	<language>en-US</language>
	<wp:wxr_version>1.2</wp:wxr_version>
	<wp:base_site_url>http://wp-devs.local</wp:base_site_url>
	<wp:base_blog_url>http://wp-devs.local</wp:base_blog_url>

		<wp:author><wp:author_id>1</wp:author_id><wp:author_login><![CDATA[marcelo]]></wp:author_login><wp:author_email><![CDATA[marceloquinze@gmail.com]]></wp:author_email><wp:author_display_name><![CDATA[marcelo]]></wp:author_display_name><wp:author_first_name><![CDATA[]]></wp:author_first_name><wp:author_last_name><![CDATA[]]></wp:author_last_name></wp:author>

				
	<generator>https://wordpress.org/?v=5.9.2</generator>

		<item>
		<title><![CDATA[pexels-felix-mittermeier-957024]]></title>
		<link>http://wp-devs.local/pexels-felix-mittermeier-957024/</link>
		<pubDate>Thu, 10 Mar 2022 21:14:29 +0000</pubDate>
		<dc:creator><![CDATA[marcelo]]></dc:creator>
		<guid isPermaLink="false">http://wp-devs.local/wp-content/uploads/2022/03/pexels-felix-mittermeier-957024.jpeg</guid>
		<description></description>
		<content:encoded><![CDATA[]]></content:encoded>
		<excerpt:encoded><![CDATA[]]></excerpt:encoded>
		<wp:post_id>49</wp:post_id>
		<wp:post_date><![CDATA[2022-03-10 21:14:29]]></wp:post_date>
		<wp:post_date_gmt><![CDATA[2022-03-10 21:14:29]]></wp:post_date_gmt>
		<wp:post_modified><![CDATA[2022-03-10 21:14:29]]></wp:post_modified>
		<wp:post_modified_gmt><![CDATA[2022-03-10 21:14:29]]></wp:post_modified_gmt>
		<wp:comment_status><![CDATA[open]]></wp:comment_status>
		<wp:ping_status><![CDATA[closed]]></wp:ping_status>
		<wp:post_name><![CDATA[pexels-felix-mittermeier-957024]]></wp:post_name>
		<wp:status><![CDATA[inherit]]></wp:status>
		<wp:post_parent>0</wp:post_parent>
		<wp:menu_order>0</wp:menu_order>
		<wp:post_type><![CDATA[attachment]]></wp:post_type>
		<wp:post_password><![CDATA[]]></wp:post_password>
		<wp:is_sticky>0</wp:is_sticky>
						<wp:attachment_url><![CDATA[http://wp-devs.local/wp-content/uploads/2022/03/pexels-felix-mittermeier-957024-scaled.jpeg]]></wp:attachment_url>
											<wp:postmeta>
		<wp:meta_key><![CDATA[_wp_attached_file]]></wp:meta_key>
		<wp:meta_value><![CDATA[2022/03/pexels-felix-mittermeier-957024-scaled.jpeg]]></wp:meta_value>
		</wp:postmeta>
							<wp:postmeta>
		<wp:meta_key><![CDATA[_wp_attachment_metadata]]></wp:meta_key>
		<wp:meta_value><![CDATA[a:6:{s:5:"width";i:2560;s:6:"height";i:1707;s:4:"file";s:51:"2022/03/pexels-felix-mittermeier-957024-scaled.jpeg";s:5:"sizes";a:6:{s:6:"medium";a:4:{s:4:"file";s:44:"pexels-felix-mittermeier-957024-300x200.jpeg";s:5:"width";i:300;s:6:"height";i:200;s:9:"mime-type";s:10:"image/jpeg";}s:5:"large";a:4:{s:4:"file";s:45:"pexels-felix-mittermeier-957024-1024x683.jpeg";s:5:"width";i:1024;s:6:"height";i:683;s:9:"mime-type";s:10:"image/jpeg";}s:9:"thumbnail";a:4:{s:4:"file";s:44:"pexels-felix-mittermeier-957024-150x150.jpeg";s:5:"width";i:150;s:6:"height";i:150;s:9:"mime-type";s:10:"image/jpeg";}s:12:"medium_large";a:4:{s:4:"file";s:44:"pexels-felix-mittermeier-957024-768x512.jpeg";s:5:"width";i:768;s:6:"height";i:512;s:9:"mime-type";s:10:"image/jpeg";}s:9:"1536x1536";a:4:{s:4:"file";s:46:"pexels-felix-mittermeier-957024-1536x1024.jpeg";s:5:"width";i:1536;s:6:"height";i:1024;s:9:"mime-type";s:10:"image/jpeg";}s:9:"2048x2048";a:4:{s:4:"file";s:46:"pexels-felix-mittermeier-957024-2048x1365.jpeg";s:5:"width";i:2048;s:6:"height";i:1365;s:9:"mime-type";s:10:"image/jpeg";}}s:10:"image_meta";a:12:{s:8:"aperture";s:1:"0";s:6:"credit";s:0:"";s:6:"camera";s:0:"";s:7:"caption";s:0:"";s:17:"created_timestamp";s:1:"0";s:9:"copyright";s:0:"";s:12:"focal_length";s:1:"0";s:3:"iso";s:1:"0";s:13:"shutter_speed";s:1:"0";s:5:"title";s:0:"";s:11:"orientation";s:1:"0";s:8:"keywords";a:0:{}}s:14:"original_image";s:36:"pexels-felix-mittermeier-957024.jpeg";}]]></wp:meta_value>
		</wp:postmeta>
							</item>
					<item>
		<title><![CDATA[pexels-andrew-nevins-9996108]]></title>
		<link>http://wp-devs.local/pexels-andrew-nevins-9996108/</link>
		<pubDate>Thu, 10 Mar 2022 21:15:47 +0000</pubDate>
		<dc:creator><![CDATA[marcelo]]></dc:creator>
		<guid isPermaLink="false">http://wp-devs.local/wp-content/uploads/2022/03/pexels-andrew-nevins-9996108.jpg</guid>
		<description></description>
		<content:encoded><![CDATA[]]></content:encoded>
		<excerpt:encoded><![CDATA[]]></excerpt:encoded>
		<wp:post_id>50</wp:post_id>
		<wp:post_date><![CDATA[2022-03-10 21:15:47]]></wp:post_date>
		<wp:post_date_gmt><![CDATA[2022-03-10 21:15:47]]></wp:post_date_gmt>
		<wp:post_modified><![CDATA[2022-03-10 21:15:47]]></wp:post_modified>
		<wp:post_modified_gmt><![CDATA[2022-03-10 21:15:47]]></wp:post_modified_gmt>
		<wp:comment_status><![CDATA[open]]></wp:comment_status>
		<wp:ping_status><![CDATA[closed]]></wp:ping_status>
		<wp:post_name><![CDATA[pexels-andrew-nevins-9996108]]></wp:post_name>
		<wp:status><![CDATA[inherit]]></wp:status>
		<wp:post_parent>0</wp:post_parent>
		<wp:menu_order>0</wp:menu_order>
		<wp:post_type><![CDATA[attachment]]></wp:post_type>
		<wp:post_password><![CDATA[]]></wp:post_password>
		<wp:is_sticky>0</wp:is_sticky>
						<wp:attachment_url><![CDATA[http://wp-devs.local/wp-content/uploads/2022/03/pexels-andrew-nevins-9996108-scaled.jpg]]></wp:attachment_url>
											<wp:postmeta>
		<wp:meta_key><![CDATA[_wp_attached_file]]></wp:meta_key>
		<wp:meta_value><![CDATA[2022/03/pexels-andrew-nevins-9996108-scaled.jpg]]></wp:meta_value>
		</wp:postmeta>
							<wp:postmeta>
		<wp:meta_key><![CDATA[_wp_attachment_metadata]]></wp:meta_key>
		<wp:meta_value><![CDATA[a:6:{s:5:"width";i:1707;s:6:"height";i:2560;s:4:"file";s:47:"2022/03/pexels-andrew-nevins-9996108-scaled.jpg";s:5:"sizes";a:6:{s:6:"medium";a:4:{s:4:"file";s:40:"pexels-andrew-nevins-9996108-200x300.jpg";s:5:"width";i:200;s:6:"height";i:300;s:9:"mime-type";s:10:"image/jpeg";}s:5:"large";a:4:{s:4:"file";s:41:"pexels-andrew-nevins-9996108-683x1024.jpg";s:5:"width";i:683;s:6:"height";i:1024;s:9:"mime-type";s:10:"image/jpeg";}s:9:"thumbnail";a:4:{s:4:"file";s:40:"pexels-andrew-nevins-9996108-150x150.jpg";s:5:"width";i:150;s:6:"height";i:150;s:9:"mime-type";s:10:"image/jpeg";}s:12:"medium_large";a:4:{s:4:"file";s:41:"pexels-andrew-nevins-9996108-768x1152.jpg";s:5:"width";i:768;s:6:"height";i:1152;s:9:"mime-type";s:10:"image/jpeg";}s:9:"1536x1536";a:4:{s:4:"file";s:42:"pexels-andrew-nevins-9996108-1024x1536.jpg";s:5:"width";i:1024;s:6:"height";i:1536;s:9:"mime-type";s:10:"image/jpeg";}s:9:"2048x2048";a:4:{s:4:"file";s:42:"pexels-andrew-nevins-9996108-1365x2048.jpg";s:5:"width";i:1365;s:6:"height";i:2048;s:9:"mime-type";s:10:"image/jpeg";}}s:10:"image_meta";a:12:{s:8:"aperture";s:1:"0";s:6:"credit";s:0:"";s:6:"camera";s:0:"";s:7:"caption";s:0:"";s:17:"created_timestamp";s:1:"0";s:9:"copyright";s:0:"";s:12:"focal_length";s:1:"0";s:3:"iso";s:1:"0";s:13:"shutter_speed";s:1:"0";s:5:"title";s:0:"";s:11:"orientation";s:1:"0";s:8:"keywords";a:0:{}}s:14:"original_image";s:32:"pexels-andrew-nevins-9996108.jpg";}]]></wp:meta_value>
		</wp:postmeta>
							</item>
					<item>
		<title><![CDATA[cropped-pexels-felix-mittermeier-957024-scaled-1.jpeg]]></title>
		<link>http://wp-devs.local/cropped-pexels-felix-mittermeier-957024-scaled-1-jpeg/</link>
		<pubDate>Thu, 10 Mar 2022 21:17:32 +0000</pubDate>
		<dc:creator><![CDATA[marcelo]]></dc:creator>
		<guid isPermaLink="false">http://wp-devs.local/wp-content/uploads/2022/03/cropped-pexels-felix-mittermeier-957024-scaled-1.jpeg</guid>
		<description></description>
		<content:encoded><![CDATA[]]></content:encoded>
		<excerpt:encoded><![CDATA[]]></excerpt:encoded>
		<wp:post_id>51</wp:post_id>
		<wp:post_date><![CDATA[2022-03-10 21:17:32]]></wp:post_date>
		<wp:post_date_gmt><![CDATA[2022-03-10 21:17:32]]></wp:post_date_gmt>
		<wp:post_modified><![CDATA[2022-03-10 21:17:32]]></wp:post_modified>
		<wp:post_modified_gmt><![CDATA[2022-03-10 21:17:32]]></wp:post_modified_gmt>
		<wp:comment_status><![CDATA[open]]></wp:comment_status>
		<wp:ping_status><![CDATA[closed]]></wp:ping_status>
		<wp:post_name><![CDATA[cropped-pexels-felix-mittermeier-957024-scaled-1-jpeg]]></wp:post_name>
		<wp:status><![CDATA[inherit]]></wp:status>
		<wp:post_parent>0</wp:post_parent>
		<wp:menu_order>0</wp:menu_order>
		<wp:post_type><![CDATA[attachment]]></wp:post_type>
		<wp:post_password><![CDATA[]]></wp:post_password>
		<wp:is_sticky>0</wp:is_sticky>
						<wp:attachment_url><![CDATA[http://wp-devs.local/wp-content/uploads/2022/03/cropped-pexels-felix-mittermeier-957024-scaled-1.jpeg]]></wp:attachment_url>
											<wp:postmeta>
		<wp:meta_key><![CDATA[_wp_attached_file]]></wp:meta_key>
		<wp:meta_value><![CDATA[2022/03/cropped-pexels-felix-mittermeier-957024-scaled-1.jpeg]]></wp:meta_value>
		</wp:postmeta>
							<wp:postmeta>
		<wp:meta_key><![CDATA[_wp_attachment_context]]></wp:meta_key>
		<wp:meta_value><![CDATA[custom-header]]></wp:meta_value>
		</wp:postmeta>
							<wp:postmeta>
		<wp:meta_key><![CDATA[_wp_attachment_metadata]]></wp:meta_key>
		<wp:meta_value><![CDATA[a:6:{s:5:"width";i:1920;s:6:"height";i:225;s:4:"file";s:61:"2022/03/cropped-pexels-felix-mittermeier-957024-scaled-1.jpeg";s:5:"sizes";a:5:{s:6:"medium";a:4:{s:4:"file";s:60:"cropped-pexels-felix-mittermeier-957024-scaled-1-300x35.jpeg";s:5:"width";i:300;s:6:"height";i:35;s:9:"mime-type";s:10:"image/jpeg";}s:5:"large";a:4:{s:4:"file";s:62:"cropped-pexels-felix-mittermeier-957024-scaled-1-1024x120.jpeg";s:5:"width";i:1024;s:6:"height";i:120;s:9:"mime-type";s:10:"image/jpeg";}s:9:"thumbnail";a:4:{s:4:"file";s:61:"cropped-pexels-felix-mittermeier-957024-scaled-1-150x150.jpeg";s:5:"width";i:150;s:6:"height";i:150;s:9:"mime-type";s:10:"image/jpeg";}s:12:"medium_large";a:4:{s:4:"file";s:60:"cropped-pexels-felix-mittermeier-957024-scaled-1-768x90.jpeg";s:5:"width";i:768;s:6:"height";i:90;s:9:"mime-type";s:10:"image/jpeg";}s:9:"1536x1536";a:4:{s:4:"file";s:62:"cropped-pexels-felix-mittermeier-957024-scaled-1-1536x180.jpeg";s:5:"width";i:1536;s:6:"height";i:180;s:9:"mime-type";s:10:"image/jpeg";}}s:10:"image_meta";a:12:{s:8:"aperture";s:1:"0";s:6:"credit";s:0:"";s:6:"camera";s:0:"";s:7:"caption";s:0:"";s:17:"created_timestamp";s:1:"0";s:9:"copyright";s:0:"";s:12:"focal_length";s:1:"0";s:3:"iso";s:1:"0";s:13:"shutter_speed";s:1:"0";s:5:"title";s:0:"";s:11:"orientation";s:1:"0";s:8:"keywords";a:0:{}}s:17:"attachment_parent";i:49;}]]></wp:meta_value>
		</wp:postmeta>
							<wp:postmeta>
		<wp:meta_key><![CDATA[_wp_attachment_custom_header_last_used_wp-devs]]></wp:meta_key>
		<wp:meta_value><![CDATA[1646947054]]></wp:meta_value>
		</wp:postmeta>
							<wp:postmeta>
		<wp:meta_key><![CDATA[_wp_attachment_is_custom_header]]></wp:meta_key>
		<wp:meta_value><![CDATA[wp-devs]]></wp:meta_value>
		</wp:postmeta>
							</item>
					<item>
		<title><![CDATA[pexels-markus-spiske-2004161]]></title>
		<link>http://wp-devs.local/pexels-markus-spiske-2004161/</link>
		<pubDate>Thu, 10 Mar 2022 21:17:52 +0000</pubDate>
		<dc:creator><![CDATA[marcelo]]></dc:creator>
		<guid isPermaLink="false">http://wp-devs.local/wp-content/uploads/2022/03/pexels-markus-spiske-2004161.jpeg</guid>
		<description></description>
		<content:encoded><![CDATA[]]></content:encoded>
		<excerpt:encoded><![CDATA[]]></excerpt:encoded>
		<wp:post_id>52</wp:post_id>
		<wp:post_date><![CDATA[2022-03-10 21:17:52]]></wp:post_date>
		<wp:post_date_gmt><![CDATA[2022-03-10 21:17:52]]></wp:post_date_gmt>
		<wp:post_modified><![CDATA[2022-03-10 21:17:52]]></wp:post_modified>
		<wp:post_modified_gmt><![CDATA[2022-03-10 21:17:52]]></wp:post_modified_gmt>
		<wp:comment_status><![CDATA[open]]></wp:comment_status>
		<wp:ping_status><![CDATA[closed]]></wp:ping_status>
		<wp:post_name><![CDATA[pexels-markus-spiske-2004161]]></wp:post_name>
		<wp:status><![CDATA[inherit]]></wp:status>
		<wp:post_parent>0</wp:post_parent>
		<wp:menu_order>0</wp:menu_order>
		<wp:post_type><![CDATA[attachment]]></wp:post_type>
		<wp:post_password><![CDATA[]]></wp:post_password>
		<wp:is_sticky>0</wp:is_sticky>
						<wp:attachment_url><![CDATA[http://wp-devs.local/wp-content/uploads/2022/03/pexels-markus-spiske-2004161-scaled.jpeg]]></wp:attachment_url>
											<wp:postmeta>
		<wp:meta_key><![CDATA[_wp_attached_file]]></wp:meta_key>
		<wp:meta_value><![CDATA[2022/03/pexels-markus-spiske-2004161-scaled.jpeg]]></wp:meta_value>
		</wp:postmeta>
							<wp:postmeta>
		<wp:meta_key><![CDATA[_wp_attachment_metadata]]></wp:meta_key>
		<wp:meta_value><![CDATA[a:6:{s:5:"width";i:2560;s:6:"height";i:1707;s:4:"file";s:48:"2022/03/pexels-markus-spiske-2004161-scaled.jpeg";s:5:"sizes";a:6:{s:6:"medium";a:4:{s:4:"file";s:41:"pexels-markus-spiske-2004161-300x200.jpeg";s:5:"width";i:300;s:6:"height";i:200;s:9:"mime-type";s:10:"image/jpeg";}s:5:"large";a:4:{s:4:"file";s:42:"pexels-markus-spiske-2004161-1024x683.jpeg";s:5:"width";i:1024;s:6:"height";i:683;s:9:"mime-type";s:10:"image/jpeg";}s:9:"thumbnail";a:4:{s:4:"file";s:41:"pexels-markus-spiske-2004161-150x150.jpeg";s:5:"width";i:150;s:6:"height";i:150;s:9:"mime-type";s:10:"image/jpeg";}s:12:"medium_large";a:4:{s:4:"file";s:41:"pexels-markus-spiske-2004161-768x512.jpeg";s:5:"width";i:768;s:6:"height";i:512;s:9:"mime-type";s:10:"image/jpeg";}s:9:"1536x1536";a:4:{s:4:"file";s:43:"pexels-markus-spiske-2004161-1536x1024.jpeg";s:5:"width";i:1536;s:6:"height";i:1024;s:9:"mime-type";s:10:"image/jpeg";}s:9:"2048x2048";a:4:{s:4:"file";s:43:"pexels-markus-spiske-2004161-2048x1365.jpeg";s:5:"width";i:2048;s:6:"height";i:1365;s:9:"mime-type";s:10:"image/jpeg";}}s:10:"image_meta";a:12:{s:8:"aperture";s:1:"0";s:6:"credit";s:0:"";s:6:"camera";s:0:"";s:7:"caption";s:0:"";s:17:"created_timestamp";s:1:"0";s:9:"copyright";s:0:"";s:12:"focal_length";s:1:"0";s:3:"iso";s:1:"0";s:13:"shutter_speed";s:1:"0";s:5:"title";s:0:"";s:11:"orientation";s:1:"0";s:8:"keywords";a:0:{}}s:14:"original_image";s:33:"pexels-markus-spiske-2004161.jpeg";}]]></wp:meta_value>
		</wp:postmeta>
							</item>
					<item>
		<title><![CDATA[cropped-pexels-markus-spiske-2004161-scaled-1.jpeg]]></title>
		<link>http://wp-devs.local/cropped-pexels-markus-spiske-2004161-scaled-1-jpeg/</link>
		<pubDate>Thu, 10 Mar 2022 21:18:04 +0000</pubDate>
		<dc:creator><![CDATA[marcelo]]></dc:creator>
		<guid isPermaLink="false">http://wp-devs.local/wp-content/uploads/2022/03/cropped-pexels-markus-spiske-2004161-scaled-1.jpeg</guid>
		<description></description>
		<content:encoded><![CDATA[]]></content:encoded>
		<excerpt:encoded><![CDATA[]]></excerpt:encoded>
		<wp:post_id>53</wp:post_id>
		<wp:post_date><![CDATA[2022-03-10 21:18:04]]></wp:post_date>
		<wp:post_date_gmt><![CDATA[2022-03-10 21:18:04]]></wp:post_date_gmt>
		<wp:post_modified><![CDATA[2022-03-10 21:18:04]]></wp:post_modified>
		<wp:post_modified_gmt><![CDATA[2022-03-10 21:18:04]]></wp:post_modified_gmt>
		<wp:comment_status><![CDATA[open]]></wp:comment_status>
		<wp:ping_status><![CDATA[closed]]></wp:ping_status>
		<wp:post_name><![CDATA[cropped-pexels-markus-spiske-2004161-scaled-1-jpeg]]></wp:post_name>
		<wp:status><![CDATA[inherit]]></wp:status>
		<wp:post_parent>0</wp:post_parent>
		<wp:menu_order>0</wp:menu_order>
		<wp:post_type><![CDATA[attachment]]></wp:post_type>
		<wp:post_password><![CDATA[]]></wp:post_password>
		<wp:is_sticky>0</wp:is_sticky>
						<wp:attachment_url><![CDATA[http://wp-devs.local/wp-content/uploads/2022/03/cropped-pexels-markus-spiske-2004161-scaled-1.jpeg]]></wp:attachment_url>
											<wp:postmeta>
		<wp:meta_key><![CDATA[_wp_attached_file]]></wp:meta_key>
		<wp:meta_value><![CDATA[2022/03/cropped-pexels-markus-spiske-2004161-scaled-1.jpeg]]></wp:meta_value>
		</wp:postmeta>
							<wp:postmeta>
		<wp:meta_key><![CDATA[_wp_attachment_context]]></wp:meta_key>
		<wp:meta_value><![CDATA[custom-header]]></wp:meta_value>
		</wp:postmeta>
							<wp:postmeta>
		<wp:meta_key><![CDATA[_wp_attachment_metadata]]></wp:meta_key>
		<wp:meta_value><![CDATA[a:6:{s:5:"width";i:1920;s:6:"height";i:225;s:4:"file";s:58:"2022/03/cropped-pexels-markus-spiske-2004161-scaled-1.jpeg";s:5:"sizes";a:5:{s:6:"medium";a:4:{s:4:"file";s:57:"cropped-pexels-markus-spiske-2004161-scaled-1-300x35.jpeg";s:5:"width";i:300;s:6:"height";i:35;s:9:"mime-type";s:10:"image/jpeg";}s:5:"large";a:4:{s:4:"file";s:59:"cropped-pexels-markus-spiske-2004161-scaled-1-1024x120.jpeg";s:5:"width";i:1024;s:6:"height";i:120;s:9:"mime-type";s:10:"image/jpeg";}s:9:"thumbnail";a:4:{s:4:"file";s:58:"cropped-pexels-markus-spiske-2004161-scaled-1-150x150.jpeg";s:5:"width";i:150;s:6:"height";i:150;s:9:"mime-type";s:10:"image/jpeg";}s:12:"medium_large";a:4:{s:4:"file";s:57:"cropped-pexels-markus-spiske-2004161-scaled-1-768x90.jpeg";s:5:"width";i:768;s:6:"height";i:90;s:9:"mime-type";s:10:"image/jpeg";}s:9:"1536x1536";a:4:{s:4:"file";s:59:"cropped-pexels-markus-spiske-2004161-scaled-1-1536x180.jpeg";s:5:"width";i:1536;s:6:"height";i:180;s:9:"mime-type";s:10:"image/jpeg";}}s:10:"image_meta";a:12:{s:8:"aperture";s:1:"0";s:6:"credit";s:0:"";s:6:"camera";s:0:"";s:7:"caption";s:0:"";s:17:"created_timestamp";s:1:"0";s:9:"copyright";s:0:"";s:12:"focal_length";s:1:"0";s:3:"iso";s:1:"0";s:13:"shutter_speed";s:1:"0";s:5:"title";s:0:"";s:11:"orientation";s:1:"0";s:8:"keywords";a:0:{}}s:17:"attachment_parent";i:52;}]]></wp:meta_value>
		</wp:postmeta>
							<wp:postmeta>
		<wp:meta_key><![CDATA[_wp_attachment_custom_header_last_used_wp-devs]]></wp:meta_key>
		<wp:meta_value><![CDATA[1646947087]]></wp:meta_value>
		</wp:postmeta>
							<wp:postmeta>
		<wp:meta_key><![CDATA[_wp_attachment_is_custom_header]]></wp:meta_key>
		<wp:meta_value><![CDATA[wp-devs]]></wp:meta_value>
		</wp:postmeta>
							</item>
					<item>
		<title><![CDATA[pexels-mike-sember-6043246]]></title>
		<link>http://wp-devs.local/pexels-mike-sember-6043246/</link>
		<pubDate>Thu, 10 Mar 2022 21:18:15 +0000</pubDate>
		<dc:creator><![CDATA[marcelo]]></dc:creator>
		<guid isPermaLink="false">http://wp-devs.local/wp-content/uploads/2022/03/pexels-mike-sember-6043246.jpeg</guid>
		<description></description>
		<content:encoded><![CDATA[]]></content:encoded>
		<excerpt:encoded><![CDATA[]]></excerpt:encoded>
		<wp:post_id>54</wp:post_id>
		<wp:post_date><![CDATA[2022-03-10 21:18:15]]></wp:post_date>
		<wp:post_date_gmt><![CDATA[2022-03-10 21:18:15]]></wp:post_date_gmt>
		<wp:post_modified><![CDATA[2022-03-10 21:18:15]]></wp:post_modified>
		<wp:post_modified_gmt><![CDATA[2022-03-10 21:18:15]]></wp:post_modified_gmt>
		<wp:comment_status><![CDATA[open]]></wp:comment_status>
		<wp:ping_status><![CDATA[closed]]></wp:ping_status>
		<wp:post_name><![CDATA[pexels-mike-sember-6043246]]></wp:post_name>
		<wp:status><![CDATA[inherit]]></wp:status>
		<wp:post_parent>0</wp:post_parent>
		<wp:menu_order>0</wp:menu_order>
		<wp:post_type><![CDATA[attachment]]></wp:post_type>
		<wp:post_password><![CDATA[]]></wp:post_password>
		<wp:is_sticky>0</wp:is_sticky>
						<wp:attachment_url><![CDATA[http://wp-devs.local/wp-content/uploads/2022/03/pexels-mike-sember-6043246-scaled.jpeg]]></wp:attachment_url>
											<wp:postmeta>
		<wp:meta_key><![CDATA[_wp_attached_file]]></wp:meta_key>
		<wp:meta_value><![CDATA[2022/03/pexels-mike-sember-6043246-scaled.jpeg]]></wp:meta_value>
		</wp:postmeta>
							<wp:postmeta>
		<wp:meta_key><![CDATA[_wp_attachment_metadata]]></wp:meta_key>
		<wp:meta_value><![CDATA[a:6:{s:5:"width";i:2560;s:6:"height";i:1707;s:4:"file";s:46:"2022/03/pexels-mike-sember-6043246-scaled.jpeg";s:5:"sizes";a:6:{s:6:"medium";a:4:{s:4:"file";s:39:"pexels-mike-sember-6043246-300x200.jpeg";s:5:"width";i:300;s:6:"height";i:200;s:9:"mime-type";s:10:"image/jpeg";}s:5:"large";a:4:{s:4:"file";s:40:"pexels-mike-sember-6043246-1024x683.jpeg";s:5:"width";i:1024;s:6:"height";i:683;s:9:"mime-type";s:10:"image/jpeg";}s:9:"thumbnail";a:4:{s:4:"file";s:39:"pexels-mike-sember-6043246-150x150.jpeg";s:5:"width";i:150;s:6:"height";i:150;s:9:"mime-type";s:10:"image/jpeg";}s:12:"medium_large";a:4:{s:4:"file";s:39:"pexels-mike-sember-6043246-768x512.jpeg";s:5:"width";i:768;s:6:"height";i:512;s:9:"mime-type";s:10:"image/jpeg";}s:9:"1536x1536";a:4:{s:4:"file";s:41:"pexels-mike-sember-6043246-1536x1024.jpeg";s:5:"width";i:1536;s:6:"height";i:1024;s:9:"mime-type";s:10:"image/jpeg";}s:9:"2048x2048";a:4:{s:4:"file";s:41:"pexels-mike-sember-6043246-2048x1365.jpeg";s:5:"width";i:2048;s:6:"height";i:1365;s:9:"mime-type";s:10:"image/jpeg";}}s:10:"image_meta";a:12:{s:8:"aperture";s:1:"0";s:6:"credit";s:0:"";s:6:"camera";s:0:"";s:7:"caption";s:0:"";s:17:"created_timestamp";s:1:"0";s:9:"copyright";s:0:"";s:12:"focal_length";s:1:"0";s:3:"iso";s:1:"0";s:13:"shutter_speed";s:1:"0";s:5:"title";s:0:"";s:11:"orientation";s:1:"0";s:8:"keywords";a:0:{}}s:14:"original_image";s:31:"pexels-mike-sember-6043246.jpeg";}]]></wp:meta_value>
		</wp:postmeta>
							</item>
					<item>
		<title><![CDATA[cropped-pexels-mike-sember-6043246-scaled-1.jpeg]]></title>
		<link>http://wp-devs.local/cropped-pexels-mike-sember-6043246-scaled-1-jpeg/</link>
		<pubDate>Thu, 10 Mar 2022 21:18:28 +0000</pubDate>
		<dc:creator><![CDATA[marcelo]]></dc:creator>
		<guid isPermaLink="false">http://wp-devs.local/wp-content/uploads/2022/03/cropped-pexels-mike-sember-6043246-scaled-1.jpeg</guid>
		<description></description>
		<content:encoded><![CDATA[]]></content:encoded>
		<excerpt:encoded><![CDATA[]]></excerpt:encoded>
		<wp:post_id>55</wp:post_id>
		<wp:post_date><![CDATA[2022-03-10 21:18:28]]></wp:post_date>
		<wp:post_date_gmt><![CDATA[2022-03-10 21:18:28]]></wp:post_date_gmt>
		<wp:post_modified><![CDATA[2022-03-10 21:18:28]]></wp:post_modified>
		<wp:post_modified_gmt><![CDATA[2022-03-10 21:18:28]]></wp:post_modified_gmt>
		<wp:comment_status><![CDATA[open]]></wp:comment_status>
		<wp:ping_status><![CDATA[closed]]></wp:ping_status>
		<wp:post_name><![CDATA[cropped-pexels-mike-sember-6043246-scaled-1-jpeg]]></wp:post_name>
		<wp:status><![CDATA[inherit]]></wp:status>
		<wp:post_parent>0</wp:post_parent>
		<wp:menu_order>0</wp:menu_order>
		<wp:post_type><![CDATA[attachment]]></wp:post_type>
		<wp:post_password><![CDATA[]]></wp:post_password>
		<wp:is_sticky>0</wp:is_sticky>
						<wp:attachment_url><![CDATA[http://wp-devs.local/wp-content/uploads/2022/03/cropped-pexels-mike-sember-6043246-scaled-1.jpeg]]></wp:attachment_url>
											<wp:postmeta>
		<wp:meta_key><![CDATA[_wp_attached_file]]></wp:meta_key>
		<wp:meta_value><![CDATA[2022/03/cropped-pexels-mike-sember-6043246-scaled-1.jpeg]]></wp:meta_value>
		</wp:postmeta>
							<wp:postmeta>
		<wp:meta_key><![CDATA[_wp_attachment_context]]></wp:meta_key>
		<wp:meta_value><![CDATA[custom-header]]></wp:meta_value>
		</wp:postmeta>
							<wp:postmeta>
		<wp:meta_key><![CDATA[_wp_attachment_metadata]]></wp:meta_key>
		<wp:meta_value><![CDATA[a:6:{s:5:"width";i:1920;s:6:"height";i:225;s:4:"file";s:56:"2022/03/cropped-pexels-mike-sember-6043246-scaled-1.jpeg";s:5:"sizes";a:5:{s:6:"medium";a:4:{s:4:"file";s:55:"cropped-pexels-mike-sember-6043246-scaled-1-300x35.jpeg";s:5:"width";i:300;s:6:"height";i:35;s:9:"mime-type";s:10:"image/jpeg";}s:5:"large";a:4:{s:4:"file";s:57:"cropped-pexels-mike-sember-6043246-scaled-1-1024x120.jpeg";s:5:"width";i:1024;s:6:"height";i:120;s:9:"mime-type";s:10:"image/jpeg";}s:9:"thumbnail";a:4:{s:4:"file";s:56:"cropped-pexels-mike-sember-6043246-scaled-1-150x150.jpeg";s:5:"width";i:150;s:6:"height";i:150;s:9:"mime-type";s:10:"image/jpeg";}s:12:"medium_large";a:4:{s:4:"file";s:55:"cropped-pexels-mike-sember-6043246-scaled-1-768x90.jpeg";s:5:"width";i:768;s:6:"height";i:90;s:9:"mime-type";s:10:"image/jpeg";}s:9:"1536x1536";a:4:{s:4:"file";s:57:"cropped-pexels-mike-sember-6043246-scaled-1-1536x180.jpeg";s:5:"width";i:1536;s:6:"height";i:180;s:9:"mime-type";s:10:"image/jpeg";}}s:10:"image_meta";a:12:{s:8:"aperture";s:1:"0";s:6:"credit";s:0:"";s:6:"camera";s:0:"";s:7:"caption";s:0:"";s:17:"created_timestamp";s:1:"0";s:9:"copyright";s:0:"";s:12:"focal_length";s:1:"0";s:3:"iso";s:1:"0";s:13:"shutter_speed";s:1:"0";s:5:"title";s:0:"";s:11:"orientation";s:1:"0";s:8:"keywords";a:0:{}}s:17:"attachment_parent";i:54;}]]></wp:meta_value>
		</wp:postmeta>
							<wp:postmeta>
		<wp:meta_key><![CDATA[_wp_attachment_custom_header_last_used_wp-devs]]></wp:meta_key>
		<wp:meta_value><![CDATA[1646947110]]></wp:meta_value>
		</wp:postmeta>
							<wp:postmeta>
		<wp:meta_key><![CDATA[_wp_attachment_is_custom_header]]></wp:meta_key>
		<wp:meta_value><![CDATA[wp-devs]]></wp:meta_value>
		</wp:postmeta>
							</item>
					<item>
		<title><![CDATA[pexels-steve-johnson-2014744]]></title>
		<link>http://wp-devs.local/pexels-steve-johnson-2014744/</link>
		<pubDate>Thu, 10 Mar 2022 21:18:38 +0000</pubDate>
		<dc:creator><![CDATA[marcelo]]></dc:creator>
		<guid isPermaLink="false">http://wp-devs.local/wp-content/uploads/2022/03/pexels-steve-johnson-2014744.jpeg</guid>
		<description></description>
		<content:encoded><![CDATA[]]></content:encoded>
		<excerpt:encoded><![CDATA[]]></excerpt:encoded>
		<wp:post_id>57</wp:post_id>
		<wp:post_date><![CDATA[2022-03-10 21:18:38]]></wp:post_date>
		<wp:post_date_gmt><![CDATA[2022-03-10 21:18:38]]></wp:post_date_gmt>
		<wp:post_modified><![CDATA[2022-03-10 21:18:38]]></wp:post_modified>
		<wp:post_modified_gmt><![CDATA[2022-03-10 21:18:38]]></wp:post_modified_gmt>
		<wp:comment_status><![CDATA[open]]></wp:comment_status>
		<wp:ping_status><![CDATA[closed]]></wp:ping_status>
		<wp:post_name><![CDATA[pexels-steve-johnson-2014744]]></wp:post_name>
		<wp:status><![CDATA[inherit]]></wp:status>
		<wp:post_parent>0</wp:post_parent>
		<wp:menu_order>0</wp:menu_order>
		<wp:post_type><![CDATA[attachment]]></wp:post_type>
		<wp:post_password><![CDATA[]]></wp:post_password>
		<wp:is_sticky>0</wp:is_sticky>
						<wp:attachment_url><![CDATA[http://wp-devs.local/wp-content/uploads/2022/03/pexels-steve-johnson-2014744-scaled.jpeg]]></wp:attachment_url>
											<wp:postmeta>
		<wp:meta_key><![CDATA[_wp_attached_file]]></wp:meta_key>
		<wp:meta_value><![CDATA[2022/03/pexels-steve-johnson-2014744-scaled.jpeg]]></wp:meta_value>
		</wp:postmeta>
							<wp:postmeta>
		<wp:meta_key><![CDATA[_wp_attachment_metadata]]></wp:meta_key>
		<wp:meta_value><![CDATA[a:6:{s:5:"width";i:2560;s:6:"height";i:1807;s:4:"file";s:48:"2022/03/pexels-steve-johnson-2014744-scaled.jpeg";s:5:"sizes";a:6:{s:6:"medium";a:4:{s:4:"file";s:41:"pexels-steve-johnson-2014744-300x212.jpeg";s:5:"width";i:300;s:6:"height";i:212;s:9:"mime-type";s:10:"image/jpeg";}s:5:"large";a:4:{s:4:"file";s:42:"pexels-steve-johnson-2014744-1024x723.jpeg";s:5:"width";i:1024;s:6:"height";i:723;s:9:"mime-type";s:10:"image/jpeg";}s:9:"thumbnail";a:4:{s:4:"file";s:41:"pexels-steve-johnson-2014744-150x150.jpeg";s:5:"width";i:150;s:6:"height";i:150;s:9:"mime-type";s:10:"image/jpeg";}s:12:"medium_large";a:4:{s:4:"file";s:41:"pexels-steve-johnson-2014744-768x542.jpeg";s:5:"width";i:768;s:6:"height";i:542;s:9:"mime-type";s:10:"image/jpeg";}s:9:"1536x1536";a:4:{s:4:"file";s:43:"pexels-steve-johnson-2014744-1536x1084.jpeg";s:5:"width";i:1536;s:6:"height";i:1084;s:9:"mime-type";s:10:"image/jpeg";}s:9:"2048x2048";a:4:{s:4:"file";s:43:"pexels-steve-johnson-2014744-2048x1445.jpeg";s:5:"width";i:2048;s:6:"height";i:1445;s:9:"mime-type";s:10:"image/jpeg";}}s:10:"image_meta";a:12:{s:8:"aperture";s:1:"0";s:6:"credit";s:0:"";s:6:"camera";s:0:"";s:7:"caption";s:0:"";s:17:"created_timestamp";s:1:"0";s:9:"copyright";s:0:"";s:12:"focal_length";s:1:"0";s:3:"iso";s:1:"0";s:13:"shutter_speed";s:1:"0";s:5:"title";s:0:"";s:11:"orientation";s:1:"0";s:8:"keywords";a:0:{}}s:14:"original_image";s:33:"pexels-steve-johnson-2014744.jpeg";}]]></wp:meta_value>
		</wp:postmeta>
							</item>
					<item>
		<title><![CDATA[cropped-pexels-steve-johnson-2014744-scaled-1.jpeg]]></title>
		<link>http://wp-devs.local/cropped-pexels-steve-johnson-2014744-scaled-1-jpeg/</link>
		<pubDate>Thu, 10 Mar 2022 21:18:50 +0000</pubDate>
		<dc:creator><![CDATA[marcelo]]></dc:creator>
		<guid isPermaLink="false">http://wp-devs.local/wp-content/uploads/2022/03/cropped-pexels-steve-johnson-2014744-scaled-1.jpeg</guid>
		<description></description>
		<content:encoded><![CDATA[]]></content:encoded>
		<excerpt:encoded><![CDATA[]]></excerpt:encoded>
		<wp:post_id>58</wp:post_id>
		<wp:post_date><![CDATA[2022-03-10 21:18:50]]></wp:post_date>
		<wp:post_date_gmt><![CDATA[2022-03-10 21:18:50]]></wp:post_date_gmt>
		<wp:post_modified><![CDATA[2022-03-10 21:18:50]]></wp:post_modified>
		<wp:post_modified_gmt><![CDATA[2022-03-10 21:18:50]]></wp:post_modified_gmt>
		<wp:comment_status><![CDATA[open]]></wp:comment_status>
		<wp:ping_status><![CDATA[closed]]></wp:ping_status>
		<wp:post_name><![CDATA[cropped-pexels-steve-johnson-2014744-scaled-1-jpeg]]></wp:post_name>
		<wp:status><![CDATA[inherit]]></wp:status>
		<wp:post_parent>0</wp:post_parent>
		<wp:menu_order>0</wp:menu_order>
		<wp:post_type><![CDATA[attachment]]></wp:post_type>
		<wp:post_password><![CDATA[]]></wp:post_password>
		<wp:is_sticky>0</wp:is_sticky>
						<wp:attachment_url><![CDATA[http://wp-devs.local/wp-content/uploads/2022/03/cropped-pexels-steve-johnson-2014744-scaled-1.jpeg]]></wp:attachment_url>
											<wp:postmeta>
		<wp:meta_key><![CDATA[_wp_attached_file]]></wp:meta_key>
		<wp:meta_value><![CDATA[2022/03/cropped-pexels-steve-johnson-2014744-scaled-1.jpeg]]></wp:meta_value>
		</wp:postmeta>
							<wp:postmeta>
		<wp:meta_key><![CDATA[_wp_attachment_context]]></wp:meta_key>
		<wp:meta_value><![CDATA[custom-header]]></wp:meta_value>
		</wp:postmeta>
							<wp:postmeta>
		<wp:meta_key><![CDATA[_wp_attachment_metadata]]></wp:meta_key>
		<wp:meta_value><![CDATA[a:6:{s:5:"width";i:1920;s:6:"height";i:225;s:4:"file";s:58:"2022/03/cropped-pexels-steve-johnson-2014744-scaled-1.jpeg";s:5:"sizes";a:5:{s:6:"medium";a:4:{s:4:"file";s:57:"cropped-pexels-steve-johnson-2014744-scaled-1-300x35.jpeg";s:5:"width";i:300;s:6:"height";i:35;s:9:"mime-type";s:10:"image/jpeg";}s:5:"large";a:4:{s:4:"file";s:59:"cropped-pexels-steve-johnson-2014744-scaled-1-1024x120.jpeg";s:5:"width";i:1024;s:6:"height";i:120;s:9:"mime-type";s:10:"image/jpeg";}s:9:"thumbnail";a:4:{s:4:"file";s:58:"cropped-pexels-steve-johnson-2014744-scaled-1-150x150.jpeg";s:5:"width";i:150;s:6:"height";i:150;s:9:"mime-type";s:10:"image/jpeg";}s:12:"medium_large";a:4:{s:4:"file";s:57:"cropped-pexels-steve-johnson-2014744-scaled-1-768x90.jpeg";s:5:"width";i:768;s:6:"height";i:90;s:9:"mime-type";s:10:"image/jpeg";}s:9:"1536x1536";a:4:{s:4:"file";s:59:"cropped-pexels-steve-johnson-2014744-scaled-1-1536x180.jpeg";s:5:"width";i:1536;s:6:"height";i:180;s:9:"mime-type";s:10:"image/jpeg";}}s:10:"image_meta";a:12:{s:8:"aperture";s:1:"0";s:6:"credit";s:0:"";s:6:"camera";s:0:"";s:7:"caption";s:0:"";s:17:"created_timestamp";s:1:"0";s:9:"copyright";s:0:"";s:12:"focal_length";s:1:"0";s:3:"iso";s:1:"0";s:13:"shutter_speed";s:1:"0";s:5:"title";s:0:"";s:11:"orientation";s:1:"0";s:8:"keywords";a:0:{}}s:17:"attachment_parent";i:57;}]]></wp:meta_value>
		</wp:postmeta>
							<wp:postmeta>
		<wp:meta_key><![CDATA[_wp_attachment_custom_header_last_used_wp-devs]]></wp:meta_key>
		<wp:meta_value><![CDATA[1646947132]]></wp:meta_value>
		</wp:postmeta>
							<wp:postmeta>
		<wp:meta_key><![CDATA[_wp_attachment_is_custom_header]]></wp:meta_key>
		<wp:meta_value><![CDATA[wp-devs]]></wp:meta_value>
		</wp:postmeta>
							</item>
					<item>
		<title><![CDATA[pexels-picjumbocom-196644]]></title>
		<link>http://wp-devs.local/web-design/pexels-picjumbocom-196644/</link>
		<pubDate>Thu, 10 Mar 2022 21:39:31 +0000</pubDate>
		<dc:creator><![CDATA[marcelo]]></dc:creator>
		<guid isPermaLink="false">http://wp-devs.local/wp-content/uploads/2022/03/pexels-picjumbocom-196644.jpeg</guid>
		<description></description>
		<content:encoded><![CDATA[]]></content:encoded>
		<excerpt:encoded><![CDATA[]]></excerpt:encoded>
		<wp:post_id>59</wp:post_id>
		<wp:post_date><![CDATA[2022-03-10 21:39:31]]></wp:post_date>
		<wp:post_date_gmt><![CDATA[2022-03-10 21:39:31]]></wp:post_date_gmt>
		<wp:post_modified><![CDATA[2022-03-10 21:39:31]]></wp:post_modified>
		<wp:post_modified_gmt><![CDATA[2022-03-10 21:39:31]]></wp:post_modified_gmt>
		<wp:comment_status><![CDATA[open]]></wp:comment_status>
		<wp:ping_status><![CDATA[closed]]></wp:ping_status>
		<wp:post_name><![CDATA[pexels-picjumbocom-196644]]></wp:post_name>
		<wp:status><![CDATA[inherit]]></wp:status>
		<wp:post_parent>45</wp:post_parent>
		<wp:menu_order>0</wp:menu_order>
		<wp:post_type><![CDATA[attachment]]></wp:post_type>
		<wp:post_password><![CDATA[]]></wp:post_password>
		<wp:is_sticky>0</wp:is_sticky>
						<wp:attachment_url><![CDATA[http://wp-devs.local/wp-content/uploads/2022/03/pexels-picjumbocom-196644-scaled.jpeg]]></wp:attachment_url>
											<wp:postmeta>
		<wp:meta_key><![CDATA[_wp_attached_file]]></wp:meta_key>
		<wp:meta_value><![CDATA[2022/03/pexels-picjumbocom-196644-scaled.jpeg]]></wp:meta_value>
		</wp:postmeta>
							<wp:postmeta>
		<wp:meta_key><![CDATA[_wp_attachment_metadata]]></wp:meta_key>
		<wp:meta_value><![CDATA[a:6:{s:5:"width";i:2560;s:6:"height";i:1707;s:4:"file";s:45:"2022/03/pexels-picjumbocom-196644-scaled.jpeg";s:5:"sizes";a:6:{s:6:"medium";a:4:{s:4:"file";s:38:"pexels-picjumbocom-196644-300x200.jpeg";s:5:"width";i:300;s:6:"height";i:200;s:9:"mime-type";s:10:"image/jpeg";}s:5:"large";a:4:{s:4:"file";s:39:"pexels-picjumbocom-196644-1024x683.jpeg";s:5:"width";i:1024;s:6:"height";i:683;s:9:"mime-type";s:10:"image/jpeg";}s:9:"thumbnail";a:4:{s:4:"file";s:38:"pexels-picjumbocom-196644-150x150.jpeg";s:5:"width";i:150;s:6:"height";i:150;s:9:"mime-type";s:10:"image/jpeg";}s:12:"medium_large";a:4:{s:4:"file";s:38:"pexels-picjumbocom-196644-768x512.jpeg";s:5:"width";i:768;s:6:"height";i:512;s:9:"mime-type";s:10:"image/jpeg";}s:9:"1536x1536";a:4:{s:4:"file";s:40:"pexels-picjumbocom-196644-1536x1024.jpeg";s:5:"width";i:1536;s:6:"height";i:1024;s:9:"mime-type";s:10:"image/jpeg";}s:9:"2048x2048";a:4:{s:4:"file";s:40:"pexels-picjumbocom-196644-2048x1366.jpeg";s:5:"width";i:2048;s:6:"height";i:1366;s:9:"mime-type";s:10:"image/jpeg";}}s:10:"image_meta";a:12:{s:8:"aperture";s:1:"0";s:6:"credit";s:0:"";s:6:"camera";s:0:"";s:7:"caption";s:0:"";s:17:"created_timestamp";s:1:"0";s:9:"copyright";s:0:"";s:12:"focal_length";s:1:"0";s:3:"iso";s:1:"0";s:13:"shutter_speed";s:1:"0";s:5:"title";s:0:"";s:11:"orientation";s:1:"0";s:8:"keywords";a:0:{}}s:14:"original_image";s:30:"pexels-picjumbocom-196644.jpeg";}]]></wp:meta_value>
		</wp:postmeta>
							</item>
					<item>
		<title><![CDATA[pexels-pixabay-38544]]></title>
		<link>http://wp-devs.local/social-media/pexels-pixabay-38544/</link>
		<pubDate>Thu, 10 Mar 2022 21:40:43 +0000</pubDate>
		<dc:creator><![CDATA[marcelo]]></dc:creator>
		<guid isPermaLink="false">http://wp-devs.local/wp-content/uploads/2022/03/pexels-pixabay-38544.jpeg</guid>
		<description></description>
		<content:encoded><![CDATA[]]></content:encoded>
		<excerpt:encoded><![CDATA[]]></excerpt:encoded>
		<wp:post_id>61</wp:post_id>
		<wp:post_date><![CDATA[2022-03-10 21:40:43]]></wp:post_date>
		<wp:post_date_gmt><![CDATA[2022-03-10 21:40:43]]></wp:post_date_gmt>
		<wp:post_modified><![CDATA[2022-03-10 21:40:43]]></wp:post_modified>
		<wp:post_modified_gmt><![CDATA[2022-03-10 21:40:43]]></wp:post_modified_gmt>
		<wp:comment_status><![CDATA[open]]></wp:comment_status>
		<wp:ping_status><![CDATA[closed]]></wp:ping_status>
		<wp:post_name><![CDATA[pexels-pixabay-38544]]></wp:post_name>
		<wp:status><![CDATA[inherit]]></wp:status>
		<wp:post_parent>43</wp:post_parent>
		<wp:menu_order>0</wp:menu_order>
		<wp:post_type><![CDATA[attachment]]></wp:post_type>
		<wp:post_password><![CDATA[]]></wp:post_password>
		<wp:is_sticky>0</wp:is_sticky>
						<wp:attachment_url><![CDATA[http://wp-devs.local/wp-content/uploads/2022/03/pexels-pixabay-38544-scaled.jpeg]]></wp:attachment_url>
											<wp:postmeta>
		<wp:meta_key><![CDATA[_wp_attached_file]]></wp:meta_key>
		<wp:meta_value><![CDATA[2022/03/pexels-pixabay-38544-scaled.jpeg]]></wp:meta_value>
		</wp:postmeta>
							<wp:postmeta>
		<wp:meta_key><![CDATA[_wp_attachment_metadata]]></wp:meta_key>
		<wp:meta_value><![CDATA[a:6:{s:5:"width";i:2560;s:6:"height";i:1700;s:4:"file";s:40:"2022/03/pexels-pixabay-38544-scaled.jpeg";s:5:"sizes";a:6:{s:6:"medium";a:4:{s:4:"file";s:33:"pexels-pixabay-38544-300x199.jpeg";s:5:"width";i:300;s:6:"height";i:199;s:9:"mime-type";s:10:"image/jpeg";}s:5:"large";a:4:{s:4:"file";s:34:"pexels-pixabay-38544-1024x680.jpeg";s:5:"width";i:1024;s:6:"height";i:680;s:9:"mime-type";s:10:"image/jpeg";}s:9:"thumbnail";a:4:{s:4:"file";s:33:"pexels-pixabay-38544-150x150.jpeg";s:5:"width";i:150;s:6:"height";i:150;s:9:"mime-type";s:10:"image/jpeg";}s:12:"medium_large";a:4:{s:4:"file";s:33:"pexels-pixabay-38544-768x510.jpeg";s:5:"width";i:768;s:6:"height";i:510;s:9:"mime-type";s:10:"image/jpeg";}s:9:"1536x1536";a:4:{s:4:"file";s:35:"pexels-pixabay-38544-1536x1020.jpeg";s:5:"width";i:1536;s:6:"height";i:1020;s:9:"mime-type";s:10:"image/jpeg";}s:9:"2048x2048";a:4:{s:4:"file";s:35:"pexels-pixabay-38544-2048x1360.jpeg";s:5:"width";i:2048;s:6:"height";i:1360;s:9:"mime-type";s:10:"image/jpeg";}}s:10:"image_meta";a:12:{s:8:"aperture";s:1:"0";s:6:"credit";s:0:"";s:6:"camera";s:0:"";s:7:"caption";s:0:"";s:17:"created_timestamp";s:1:"0";s:9:"copyright";s:0:"";s:12:"focal_length";s:1:"0";s:3:"iso";s:1:"0";s:13:"shutter_speed";s:1:"0";s:5:"title";s:0:"";s:11:"orientation";s:1:"0";s:8:"keywords";a:0:{}}s:14:"original_image";s:25:"pexels-pixabay-38544.jpeg";}]]></wp:meta_value>
		</wp:postmeta>
							</item>
					<item>
		<title><![CDATA[pexels-lukas-574073]]></title>
		<link>http://wp-devs.local/web-development/pexels-lukas-574073/</link>
		<pubDate>Thu, 10 Mar 2022 21:41:02 +0000</pubDate>
		<dc:creator><![CDATA[marcelo]]></dc:creator>
		<guid isPermaLink="false">http://wp-devs.local/wp-content/uploads/2022/03/pexels-lukas-574073.jpeg</guid>
		<description></description>
		<content:encoded><![CDATA[]]></content:encoded>
		<excerpt:encoded><![CDATA[]]></excerpt:encoded>
		<wp:post_id>63</wp:post_id>
		<wp:post_date><![CDATA[2022-03-10 21:41:02]]></wp:post_date>
		<wp:post_date_gmt><![CDATA[2022-03-10 21:41:02]]></wp:post_date_gmt>
		<wp:post_modified><![CDATA[2022-03-10 21:41:02]]></wp:post_modified>
		<wp:post_modified_gmt><![CDATA[2022-03-10 21:41:02]]></wp:post_modified_gmt>
		<wp:comment_status><![CDATA[open]]></wp:comment_status>
		<wp:ping_status><![CDATA[closed]]></wp:ping_status>
		<wp:post_name><![CDATA[pexels-lukas-574073]]></wp:post_name>
		<wp:status><![CDATA[inherit]]></wp:status>
		<wp:post_parent>41</wp:post_parent>
		<wp:menu_order>0</wp:menu_order>
		<wp:post_type><![CDATA[attachment]]></wp:post_type>
		<wp:post_password><![CDATA[]]></wp:post_password>
		<wp:is_sticky>0</wp:is_sticky>
						<wp:attachment_url><![CDATA[http://wp-devs.local/wp-content/uploads/2022/03/pexels-lukas-574073-scaled.jpeg]]></wp:attachment_url>
											<wp:postmeta>
		<wp:meta_key><![CDATA[_wp_attached_file]]></wp:meta_key>
		<wp:meta_value><![CDATA[2022/03/pexels-lukas-574073-scaled.jpeg]]></wp:meta_value>
		</wp:postmeta>
							<wp:postmeta>
		<wp:meta_key><![CDATA[_wp_attachment_metadata]]></wp:meta_key>
		<wp:meta_value><![CDATA[a:6:{s:5:"width";i:2560;s:6:"height";i:1695;s:4:"file";s:39:"2022/03/pexels-lukas-574073-scaled.jpeg";s:5:"sizes";a:6:{s:6:"medium";a:4:{s:4:"file";s:32:"pexels-lukas-574073-300x199.jpeg";s:5:"width";i:300;s:6:"height";i:199;s:9:"mime-type";s:10:"image/jpeg";}s:5:"large";a:4:{s:4:"file";s:33:"pexels-lukas-574073-1024x678.jpeg";s:5:"width";i:1024;s:6:"height";i:678;s:9:"mime-type";s:10:"image/jpeg";}s:9:"thumbnail";a:4:{s:4:"file";s:32:"pexels-lukas-574073-150x150.jpeg";s:5:"width";i:150;s:6:"height";i:150;s:9:"mime-type";s:10:"image/jpeg";}s:12:"medium_large";a:4:{s:4:"file";s:32:"pexels-lukas-574073-768x509.jpeg";s:5:"width";i:768;s:6:"height";i:509;s:9:"mime-type";s:10:"image/jpeg";}s:9:"1536x1536";a:4:{s:4:"file";s:34:"pexels-lukas-574073-1536x1017.jpeg";s:5:"width";i:1536;s:6:"height";i:1017;s:9:"mime-type";s:10:"image/jpeg";}s:9:"2048x2048";a:4:{s:4:"file";s:34:"pexels-lukas-574073-2048x1356.jpeg";s:5:"width";i:2048;s:6:"height";i:1356;s:9:"mime-type";s:10:"image/jpeg";}}s:10:"image_meta";a:12:{s:8:"aperture";s:1:"0";s:6:"credit";s:0:"";s:6:"camera";s:0:"";s:7:"caption";s:0:"";s:17:"created_timestamp";s:1:"0";s:9:"copyright";s:0:"";s:12:"focal_length";s:1:"0";s:3:"iso";s:1:"0";s:13:"shutter_speed";s:1:"0";s:5:"title";s:0:"";s:11:"orientation";s:1:"0";s:8:"keywords";a:0:{}}s:14:"original_image";s:24:"pexels-lukas-574073.jpeg";}]]></wp:meta_value>
		</wp:postmeta>
							</item>
					<item>
		<title><![CDATA[WP Devs]]></title>
		<link>http://wp-devs.local/logo/</link>
		<pubDate>Thu, 10 Mar 2022 22:19:37 +0000</pubDate>
		<dc:creator><![CDATA[marcelo]]></dc:creator>
		<guid isPermaLink="false">http://wp-devs.local/wp-content/uploads/2022/03/logo.png</guid>
		<description></description>
		<content:encoded><![CDATA[]]></content:encoded>
		<excerpt:encoded><![CDATA[]]></excerpt:encoded>
		<wp:post_id>66</wp:post_id>
		<wp:post_date><![CDATA[2022-03-10 22:19:37]]></wp:post_date>
		<wp:post_date_gmt><![CDATA[2022-03-10 22:19:37]]></wp:post_date_gmt>
		<wp:post_modified><![CDATA[2022-03-10 22:20:11]]></wp:post_modified>
		<wp:post_modified_gmt><![CDATA[2022-03-10 22:20:11]]></wp:post_modified_gmt>
		<wp:comment_status><![CDATA[open]]></wp:comment_status>
		<wp:ping_status><![CDATA[closed]]></wp:ping_status>
		<wp:post_name><![CDATA[logo]]></wp:post_name>
		<wp:status><![CDATA[inherit]]></wp:status>
		<wp:post_parent>0</wp:post_parent>
		<wp:menu_order>0</wp:menu_order>
		<wp:post_type><![CDATA[attachment]]></wp:post_type>
		<wp:post_password><![CDATA[]]></wp:post_password>
		<wp:is_sticky>0</wp:is_sticky>
						<wp:attachment_url><![CDATA[http://wp-devs.local/wp-content/uploads/2022/03/logo.png]]></wp:attachment_url>
											<wp:postmeta>
		<wp:meta_key><![CDATA[_wp_attached_file]]></wp:meta_key>
		<wp:meta_value><![CDATA[2022/03/logo.png]]></wp:meta_value>
		</wp:postmeta>
							<wp:postmeta>
		<wp:meta_key><![CDATA[_wp_attachment_metadata]]></wp:meta_key>
		<wp:meta_value><![CDATA[a:5:{s:5:"width";i:97;s:6:"height";i:35;s:4:"file";s:16:"2022/03/logo.png";s:5:"sizes";a:0:{}s:10:"image_meta";a:12:{s:8:"aperture";s:1:"0";s:6:"credit";s:0:"";s:6:"camera";s:0:"";s:7:"caption";s:0:"";s:17:"created_timestamp";s:1:"0";s:9:"copyright";s:0:"";s:12:"focal_length";s:1:"0";s:3:"iso";s:1:"0";s:13:"shutter_speed";s:1:"0";s:5:"title";s:0:"";s:11:"orientation";s:1:"0";s:8:"keywords";a:0:{}}}]]></wp:meta_value>
		</wp:postmeta>
							<wp:postmeta>
		<wp:meta_key><![CDATA[_wp_attachment_image_alt]]></wp:meta_key>
		<wp:meta_value><![CDATA[WP Devs]]></wp:meta_value>
		</wp:postmeta>
							</item>
					<item>
		<title><![CDATA[cropped-logo.png]]></title>
		<link>http://wp-devs.local/cropped-logo-png/</link>
		<pubDate>Thu, 10 Mar 2022 22:20:42 +0000</pubDate>
		<dc:creator><![CDATA[marcelo]]></dc:creator>
		<guid isPermaLink="false">http://wp-devs.local/wp-content/uploads/2022/03/cropped-logo.png</guid>
		<description></description>
		<content:encoded><![CDATA[http://wp-devs.local/wp-content/uploads/2022/03/cropped-logo.png]]></content:encoded>
		<excerpt:encoded><![CDATA[]]></excerpt:encoded>
		<wp:post_id>67</wp:post_id>
		<wp:post_date><![CDATA[2022-03-10 22:20:42]]></wp:post_date>
		<wp:post_date_gmt><![CDATA[2022-03-10 22:20:42]]></wp:post_date_gmt>
		<wp:post_modified><![CDATA[2022-03-10 22:20:42]]></wp:post_modified>
		<wp:post_modified_gmt><![CDATA[2022-03-10 22:20:42]]></wp:post_modified_gmt>
		<wp:comment_status><![CDATA[open]]></wp:comment_status>
		<wp:ping_status><![CDATA[closed]]></wp:ping_status>
		<wp:post_name><![CDATA[cropped-logo-png]]></wp:post_name>
		<wp:status><![CDATA[inherit]]></wp:status>
		<wp:post_parent>0</wp:post_parent>
		<wp:menu_order>0</wp:menu_order>
		<wp:post_type><![CDATA[attachment]]></wp:post_type>
		<wp:post_password><![CDATA[]]></wp:post_password>
		<wp:is_sticky>0</wp:is_sticky>
						<wp:attachment_url><![CDATA[http://wp-devs.local/wp-content/uploads/2022/03/cropped-logo.png]]></wp:attachment_url>
											<wp:postmeta>
		<wp:meta_key><![CDATA[_wp_attached_file]]></wp:meta_key>
		<wp:meta_value><![CDATA[2022/03/cropped-logo.png]]></wp:meta_value>
		</wp:postmeta>
							<wp:postmeta>
		<wp:meta_key><![CDATA[_wp_attachment_context]]></wp:meta_key>
		<wp:meta_value><![CDATA[custom-logo]]></wp:meta_value>
		</wp:postmeta>
							<wp:postmeta>
		<wp:meta_key><![CDATA[_wp_attachment_metadata]]></wp:meta_key>
		<wp:meta_value><![CDATA[a:5:{s:5:"width";i:97;s:6:"height";i:35;s:4:"file";s:24:"2022/03/cropped-logo.png";s:5:"sizes";a:0:{}s:10:"image_meta";a:12:{s:8:"aperture";s:1:"0";s:6:"credit";s:0:"";s:6:"camera";s:0:"";s:7:"caption";s:0:"";s:17:"created_timestamp";s:1:"0";s:9:"copyright";s:0:"";s:12:"focal_length";s:1:"0";s:3:"iso";s:1:"0";s:13:"shutter_speed";s:1:"0";s:5:"title";s:0:"";s:11:"orientation";s:1:"0";s:8:"keywords";a:0:{}}}]]></wp:meta_value>
		</wp:postmeta>
							</item>
					<item>
		<title><![CDATA[cropped-logo-1.png]]></title>
		<link>http://wp-devs.local/cropped-logo-1-png/</link>
		<pubDate>Thu, 10 Mar 2022 22:26:52 +0000</pubDate>
		<dc:creator><![CDATA[marcelo]]></dc:creator>
		<guid isPermaLink="false">http://wp-devs.local/wp-content/uploads/2022/03/cropped-logo-1.png</guid>
		<description></description>
		<content:encoded><![CDATA[http://wp-devs.local/wp-content/uploads/2022/03/cropped-logo-1.png]]></content:encoded>
		<excerpt:encoded><![CDATA[]]></excerpt:encoded>
		<wp:post_id>69</wp:post_id>
		<wp:post_date><![CDATA[2022-03-10 22:26:52]]></wp:post_date>
		<wp:post_date_gmt><![CDATA[2022-03-10 22:26:52]]></wp:post_date_gmt>
		<wp:post_modified><![CDATA[2022-03-10 22:26:52]]></wp:post_modified>
		<wp:post_modified_gmt><![CDATA[2022-03-10 22:26:52]]></wp:post_modified_gmt>
		<wp:comment_status><![CDATA[open]]></wp:comment_status>
		<wp:ping_status><![CDATA[closed]]></wp:ping_status>
		<wp:post_name><![CDATA[cropped-logo-1-png]]></wp:post_name>
		<wp:status><![CDATA[inherit]]></wp:status>
		<wp:post_parent>0</wp:post_parent>
		<wp:menu_order>0</wp:menu_order>
		<wp:post_type><![CDATA[attachment]]></wp:post_type>
		<wp:post_password><![CDATA[]]></wp:post_password>
		<wp:is_sticky>0</wp:is_sticky>
						<wp:attachment_url><![CDATA[http://wp-devs.local/wp-content/uploads/2022/03/cropped-logo-1.png]]></wp:attachment_url>
											<wp:postmeta>
		<wp:meta_key><![CDATA[_wp_attached_file]]></wp:meta_key>
		<wp:meta_value><![CDATA[2022/03/cropped-logo-1.png]]></wp:meta_value>
		</wp:postmeta>
							<wp:postmeta>
		<wp:meta_key><![CDATA[_wp_attachment_context]]></wp:meta_key>
		<wp:meta_value><![CDATA[custom-logo]]></wp:meta_value>
		</wp:postmeta>
							<wp:postmeta>
		<wp:meta_key><![CDATA[_wp_attachment_metadata]]></wp:meta_key>
		<wp:meta_value><![CDATA[a:5:{s:5:"width";i:97;s:6:"height";i:35;s:4:"file";s:26:"2022/03/cropped-logo-1.png";s:5:"sizes";a:0:{}s:10:"image_meta";a:12:{s:8:"aperture";s:1:"0";s:6:"credit";s:0:"";s:6:"camera";s:0:"";s:7:"caption";s:0:"";s:17:"created_timestamp";s:1:"0";s:9:"copyright";s:0:"";s:12:"focal_length";s:1:"0";s:3:"iso";s:1:"0";s:13:"shutter_speed";s:1:"0";s:5:"title";s:0:"";s:11:"orientation";s:1:"0";s:8:"keywords";a:0:{}}}]]></wp:meta_value>
		</wp:postmeta>
							</item>
					<item>
		<title><![CDATA[pexels-pixabay-267350]]></title>
		<link>http://wp-devs.local/pexels-pixabay-267350/</link>
		<pubDate>Thu, 17 Mar 2022 01:12:48 +0000</pubDate>
		<dc:creator><![CDATA[marcelo]]></dc:creator>
		<guid isPermaLink="false">http://wp-devs.local/wp-content/uploads/2022/03/pexels-pixabay-267350.png</guid>
		<description></description>
		<content:encoded><![CDATA[]]></content:encoded>
		<excerpt:encoded><![CDATA[]]></excerpt:encoded>
		<wp:post_id>72</wp:post_id>
		<wp:post_date><![CDATA[2022-03-17 01:12:48]]></wp:post_date>
		<wp:post_date_gmt><![CDATA[2022-03-17 01:12:48]]></wp:post_date_gmt>
		<wp:post_modified><![CDATA[2022-03-17 01:12:48]]></wp:post_modified>
		<wp:post_modified_gmt><![CDATA[2022-03-17 01:12:48]]></wp:post_modified_gmt>
		<wp:comment_status><![CDATA[open]]></wp:comment_status>
		<wp:ping_status><![CDATA[closed]]></wp:ping_status>
		<wp:post_name><![CDATA[pexels-pixabay-267350]]></wp:post_name>
		<wp:status><![CDATA[inherit]]></wp:status>
		<wp:post_parent>0</wp:post_parent>
		<wp:menu_order>0</wp:menu_order>
		<wp:post_type><![CDATA[attachment]]></wp:post_type>
		<wp:post_password><![CDATA[]]></wp:post_password>
		<wp:is_sticky>0</wp:is_sticky>
						<wp:attachment_url><![CDATA[http://wp-devs.local/wp-content/uploads/2022/03/pexels-pixabay-267350.png]]></wp:attachment_url>
											<wp:postmeta>
		<wp:meta_key><![CDATA[_wp_attached_file]]></wp:meta_key>
		<wp:meta_value><![CDATA[2022/03/pexels-pixabay-267350.png]]></wp:meta_value>
		</wp:postmeta>
							<wp:postmeta>
		<wp:meta_key><![CDATA[_wp_attachment_metadata]]></wp:meta_key>
		<wp:meta_value><![CDATA[a:5:{s:5:"width";i:350;s:6:"height";i:350;s:4:"file";s:33:"2022/03/pexels-pixabay-267350.png";s:5:"sizes";a:2:{s:6:"medium";a:4:{s:4:"file";s:33:"pexels-pixabay-267350-300x300.png";s:5:"width";i:300;s:6:"height";i:300;s:9:"mime-type";s:9:"image/png";}s:9:"thumbnail";a:4:{s:4:"file";s:33:"pexels-pixabay-267350-150x150.png";s:5:"width";i:150;s:6:"height";i:150;s:9:"mime-type";s:9:"image/png";}}s:10:"image_meta";a:12:{s:8:"aperture";s:1:"0";s:6:"credit";s:0:"";s:6:"camera";s:0:"";s:7:"caption";s:0:"";s:17:"created_timestamp";s:1:"0";s:9:"copyright";s:0:"";s:12:"focal_length";s:1:"0";s:3:"iso";s:1:"0";s:13:"shutter_speed";s:1:"0";s:5:"title";s:0:"";s:11:"orientation";s:1:"0";s:8:"keywords";a:0:{}}}]]></wp:meta_value>
		</wp:postmeta>
							</item>
					<item>
		<title><![CDATA[pexels-pixabay-270348]]></title>
		<link>http://wp-devs.local/pexels-pixabay-270348/</link>
		<pubDate>Thu, 17 Mar 2022 01:12:51 +0000</pubDate>
		<dc:creator><![CDATA[marcelo]]></dc:creator>
		<guid isPermaLink="false">http://wp-devs.local/wp-content/uploads/2022/03/pexels-pixabay-270348.png</guid>
		<description></description>
		<content:encoded><![CDATA[]]></content:encoded>
		<excerpt:encoded><![CDATA[]]></excerpt:encoded>
		<wp:post_id>73</wp:post_id>
		<wp:post_date><![CDATA[2022-03-17 01:12:51]]></wp:post_date>
		<wp:post_date_gmt><![CDATA[2022-03-17 01:12:51]]></wp:post_date_gmt>
		<wp:post_modified><![CDATA[2022-03-17 01:12:51]]></wp:post_modified>
		<wp:post_modified_gmt><![CDATA[2022-03-17 01:12:51]]></wp:post_modified_gmt>
		<wp:comment_status><![CDATA[open]]></wp:comment_status>
		<wp:ping_status><![CDATA[closed]]></wp:ping_status>
		<wp:post_name><![CDATA[pexels-pixabay-270348]]></wp:post_name>
		<wp:status><![CDATA[inherit]]></wp:status>
		<wp:post_parent>0</wp:post_parent>
		<wp:menu_order>0</wp:menu_order>
		<wp:post_type><![CDATA[attachment]]></wp:post_type>
		<wp:post_password><![CDATA[]]></wp:post_password>
		<wp:is_sticky>0</wp:is_sticky>
						<wp:attachment_url><![CDATA[http://wp-devs.local/wp-content/uploads/2022/03/pexels-pixabay-270348.png]]></wp:attachment_url>
											<wp:postmeta>
		<wp:meta_key><![CDATA[_wp_attached_file]]></wp:meta_key>
		<wp:meta_value><![CDATA[2022/03/pexels-pixabay-270348.png]]></wp:meta_value>
		</wp:postmeta>
							<wp:postmeta>
		<wp:meta_key><![CDATA[_wp_attachment_metadata]]></wp:meta_key>
		<wp:meta_value><![CDATA[a:5:{s:5:"width";i:350;s:6:"height";i:350;s:4:"file";s:33:"2022/03/pexels-pixabay-270348.png";s:5:"sizes";a:2:{s:6:"medium";a:4:{s:4:"file";s:33:"pexels-pixabay-270348-300x300.png";s:5:"width";i:300;s:6:"height";i:300;s:9:"mime-type";s:9:"image/png";}s:9:"thumbnail";a:4:{s:4:"file";s:33:"pexels-pixabay-270348-150x150.png";s:5:"width";i:150;s:6:"height";i:150;s:9:"mime-type";s:9:"image/png";}}s:10:"image_meta";a:12:{s:8:"aperture";s:1:"0";s:6:"credit";s:0:"";s:6:"camera";s:0:"";s:7:"caption";s:0:"";s:17:"created_timestamp";s:1:"0";s:9:"copyright";s:0:"";s:12:"focal_length";s:1:"0";s:3:"iso";s:1:"0";s:13:"shutter_speed";s:1:"0";s:5:"title";s:0:"";s:11:"orientation";s:1:"0";s:8:"keywords";a:0:{}}}]]></wp:meta_value>
		</wp:postmeta>
							</item>
					<item>
		<title><![CDATA[pexels-picjumbocom-196644]]></title>
		<link>http://wp-devs.local/pexels-picjumbocom-196644-2/</link>
		<pubDate>Thu, 17 Mar 2022 01:39:43 +0000</pubDate>
		<dc:creator><![CDATA[marcelo]]></dc:creator>
		<guid isPermaLink="false">http://wp-devs.local/wp-content/uploads/2022/03/pexels-picjumbocom-196644.png</guid>
		<description></description>
		<content:encoded><![CDATA[]]></content:encoded>
		<excerpt:encoded><![CDATA[]]></excerpt:encoded>
		<wp:post_id>74</wp:post_id>
		<wp:post_date><![CDATA[2022-03-17 01:39:43]]></wp:post_date>
		<wp:post_date_gmt><![CDATA[2022-03-17 01:39:43]]></wp:post_date_gmt>
		<wp:post_modified><![CDATA[2022-03-17 01:39:43]]></wp:post_modified>
		<wp:post_modified_gmt><![CDATA[2022-03-17 01:39:43]]></wp:post_modified_gmt>
		<wp:comment_status><![CDATA[open]]></wp:comment_status>
		<wp:ping_status><![CDATA[closed]]></wp:ping_status>
		<wp:post_name><![CDATA[pexels-picjumbocom-196644-2]]></wp:post_name>
		<wp:status><![CDATA[inherit]]></wp:status>
		<wp:post_parent>0</wp:post_parent>
		<wp:menu_order>0</wp:menu_order>
		<wp:post_type><![CDATA[attachment]]></wp:post_type>
		<wp:post_password><![CDATA[]]></wp:post_password>
		<wp:is_sticky>0</wp:is_sticky>
						<wp:attachment_url><![CDATA[http://wp-devs.local/wp-content/uploads/2022/03/pexels-picjumbocom-196644.png]]></wp:attachment_url>
											<wp:postmeta>
		<wp:meta_key><![CDATA[_wp_attached_file]]></wp:meta_key>
		<wp:meta_value><![CDATA[2022/03/pexels-picjumbocom-196644.png]]></wp:meta_value>
		</wp:postmeta>
							<wp:postmeta>
		<wp:meta_key><![CDATA[_wp_attachment_metadata]]></wp:meta_key>
		<wp:meta_value><![CDATA[a:5:{s:5:"width";i:350;s:6:"height";i:350;s:4:"file";s:37:"2022/03/pexels-picjumbocom-196644.png";s:5:"sizes";a:2:{s:6:"medium";a:4:{s:4:"file";s:37:"pexels-picjumbocom-196644-300x300.png";s:5:"width";i:300;s:6:"height";i:300;s:9:"mime-type";s:9:"image/png";}s:9:"thumbnail";a:4:{s:4:"file";s:37:"pexels-picjumbocom-196644-150x150.png";s:5:"width";i:150;s:6:"height";i:150;s:9:"mime-type";s:9:"image/png";}}s:10:"image_meta";a:12:{s:8:"aperture";s:1:"0";s:6:"credit";s:0:"";s:6:"camera";s:0:"";s:7:"caption";s:0:"";s:17:"created_timestamp";s:1:"0";s:9:"copyright";s:0:"";s:12:"focal_length";s:1:"0";s:3:"iso";s:1:"0";s:13:"shutter_speed";s:1:"0";s:5:"title";s:0:"";s:11:"orientation";s:1:"0";s:8:"keywords";a:0:{}}}]]></wp:meta_value>
		</wp:postmeta>
							</item>
					<item>
		<title><![CDATA[pexels-christina-morillo-1181271]]></title>
		<link>http://wp-devs.local/hello-world/pexels-christina-morillo-1181271/</link>
		<pubDate>Thu, 17 Mar 2022 02:25:28 +0000</pubDate>
		<dc:creator><![CDATA[marcelo]]></dc:creator>
		<guid isPermaLink="false">http://wp-devs.local/wp-content/uploads/2022/02/pexels-christina-morillo-1181271.jpeg</guid>
		<description></description>
		<content:encoded><![CDATA[]]></content:encoded>
		<excerpt:encoded><![CDATA[]]></excerpt:encoded>
		<wp:post_id>100</wp:post_id>
		<wp:post_date><![CDATA[2022-03-17 02:25:28]]></wp:post_date>
		<wp:post_date_gmt><![CDATA[2022-03-17 02:25:28]]></wp:post_date_gmt>
		<wp:post_modified><![CDATA[2022-03-17 02:25:28]]></wp:post_modified>
		<wp:post_modified_gmt><![CDATA[2022-03-17 02:25:28]]></wp:post_modified_gmt>
		<wp:comment_status><![CDATA[open]]></wp:comment_status>
		<wp:ping_status><![CDATA[closed]]></wp:ping_status>
		<wp:post_name><![CDATA[pexels-christina-morillo-1181271]]></wp:post_name>
		<wp:status><![CDATA[inherit]]></wp:status>
		<wp:post_parent>1</wp:post_parent>
		<wp:menu_order>0</wp:menu_order>
		<wp:post_type><![CDATA[attachment]]></wp:post_type>
		<wp:post_password><![CDATA[]]></wp:post_password>
		<wp:is_sticky>0</wp:is_sticky>
						<wp:attachment_url><![CDATA[http://wp-devs.local/wp-content/uploads/2022/02/pexels-christina-morillo-1181271-scaled.jpeg]]></wp:attachment_url>
											<wp:postmeta>
		<wp:meta_key><![CDATA[_wp_attached_file]]></wp:meta_key>
		<wp:meta_value><![CDATA[2022/02/pexels-christina-morillo-1181271-scaled.jpeg]]></wp:meta_value>
		</wp:postmeta>
							<wp:postmeta>
		<wp:meta_key><![CDATA[_wp_attachment_metadata]]></wp:meta_key>
		<wp:meta_value><![CDATA[a:6:{s:5:"width";i:2560;s:6:"height";i:1709;s:4:"file";s:52:"2022/02/pexels-christina-morillo-1181271-scaled.jpeg";s:5:"sizes";a:6:{s:6:"medium";a:4:{s:4:"file";s:45:"pexels-christina-morillo-1181271-300x200.jpeg";s:5:"width";i:300;s:6:"height";i:200;s:9:"mime-type";s:10:"image/jpeg";}s:5:"large";a:4:{s:4:"file";s:46:"pexels-christina-morillo-1181271-1024x684.jpeg";s:5:"width";i:1024;s:6:"height";i:684;s:9:"mime-type";s:10:"image/jpeg";}s:9:"thumbnail";a:4:{s:4:"file";s:45:"pexels-christina-morillo-1181271-150x150.jpeg";s:5:"width";i:150;s:6:"height";i:150;s:9:"mime-type";s:10:"image/jpeg";}s:12:"medium_large";a:4:{s:4:"file";s:45:"pexels-christina-morillo-1181271-768x513.jpeg";s:5:"width";i:768;s:6:"height";i:513;s:9:"mime-type";s:10:"image/jpeg";}s:9:"1536x1536";a:4:{s:4:"file";s:47:"pexels-christina-morillo-1181271-1536x1025.jpeg";s:5:"width";i:1536;s:6:"height";i:1025;s:9:"mime-type";s:10:"image/jpeg";}s:9:"2048x2048";a:4:{s:4:"file";s:47:"pexels-christina-morillo-1181271-2048x1367.jpeg";s:5:"width";i:2048;s:6:"height";i:1367;s:9:"mime-type";s:10:"image/jpeg";}}s:10:"image_meta";a:12:{s:8:"aperture";s:1:"0";s:6:"credit";s:0:"";s:6:"camera";s:0:"";s:7:"caption";s:0:"";s:17:"created_timestamp";s:1:"0";s:9:"copyright";s:0:"";s:12:"focal_length";s:1:"0";s:3:"iso";s:1:"0";s:13:"shutter_speed";s:1:"0";s:5:"title";s:0:"";s:11:"orientation";s:1:"0";s:8:"keywords";a:0:{}}s:14:"original_image";s:37:"pexels-christina-morillo-1181271.jpeg";}]]></wp:meta_value>
		</wp:postmeta>
							</item>
					<item>
		<title><![CDATA[pexels-pixabay-262508]]></title>
		<link>http://wp-devs.local/hello-world/pexels-pixabay-262508/</link>
		<pubDate>Thu, 17 Mar 2022 02:25:39 +0000</pubDate>
		<dc:creator><![CDATA[marcelo]]></dc:creator>
		<guid isPermaLink="false">http://wp-devs.local/wp-content/uploads/2022/02/pexels-pixabay-262508.jpeg</guid>
		<description></description>
		<content:encoded><![CDATA[]]></content:encoded>
		<excerpt:encoded><![CDATA[]]></excerpt:encoded>
		<wp:post_id>101</wp:post_id>
		<wp:post_date><![CDATA[2022-03-17 02:25:39]]></wp:post_date>
		<wp:post_date_gmt><![CDATA[2022-03-17 02:25:39]]></wp:post_date_gmt>
		<wp:post_modified><![CDATA[2022-03-17 02:25:39]]></wp:post_modified>
		<wp:post_modified_gmt><![CDATA[2022-03-17 02:25:39]]></wp:post_modified_gmt>
		<wp:comment_status><![CDATA[open]]></wp:comment_status>
		<wp:ping_status><![CDATA[closed]]></wp:ping_status>
		<wp:post_name><![CDATA[pexels-pixabay-262508]]></wp:post_name>
		<wp:status><![CDATA[inherit]]></wp:status>
		<wp:post_parent>1</wp:post_parent>
		<wp:menu_order>0</wp:menu_order>
		<wp:post_type><![CDATA[attachment]]></wp:post_type>
		<wp:post_password><![CDATA[]]></wp:post_password>
		<wp:is_sticky>0</wp:is_sticky>
						<wp:attachment_url><![CDATA[http://wp-devs.local/wp-content/uploads/2022/02/pexels-pixabay-262508-scaled.jpeg]]></wp:attachment_url>
											<wp:postmeta>
		<wp:meta_key><![CDATA[_wp_attached_file]]></wp:meta_key>
		<wp:meta_value><![CDATA[2022/02/pexels-pixabay-262508-scaled.jpeg]]></wp:meta_value>
		</wp:postmeta>
							<wp:postmeta>
		<wp:meta_key><![CDATA[_wp_attachment_metadata]]></wp:meta_key>
		<wp:meta_value><![CDATA[a:6:{s:5:"width";i:2560;s:6:"height";i:1700;s:4:"file";s:41:"2022/02/pexels-pixabay-262508-scaled.jpeg";s:5:"sizes";a:6:{s:6:"medium";a:4:{s:4:"file";s:34:"pexels-pixabay-262508-300x199.jpeg";s:5:"width";i:300;s:6:"height";i:199;s:9:"mime-type";s:10:"image/jpeg";}s:5:"large";a:4:{s:4:"file";s:35:"pexels-pixabay-262508-1024x680.jpeg";s:5:"width";i:1024;s:6:"height";i:680;s:9:"mime-type";s:10:"image/jpeg";}s:9:"thumbnail";a:4:{s:4:"file";s:34:"pexels-pixabay-262508-150x150.jpeg";s:5:"width";i:150;s:6:"height";i:150;s:9:"mime-type";s:10:"image/jpeg";}s:12:"medium_large";a:4:{s:4:"file";s:34:"pexels-pixabay-262508-768x510.jpeg";s:5:"width";i:768;s:6:"height";i:510;s:9:"mime-type";s:10:"image/jpeg";}s:9:"1536x1536";a:4:{s:4:"file";s:36:"pexels-pixabay-262508-1536x1020.jpeg";s:5:"width";i:1536;s:6:"height";i:1020;s:9:"mime-type";s:10:"image/jpeg";}s:9:"2048x2048";a:4:{s:4:"file";s:36:"pexels-pixabay-262508-2048x1360.jpeg";s:5:"width";i:2048;s:6:"height";i:1360;s:9:"mime-type";s:10:"image/jpeg";}}s:10:"image_meta";a:12:{s:8:"aperture";s:1:"0";s:6:"credit";s:0:"";s:6:"camera";s:0:"";s:7:"caption";s:0:"";s:17:"created_timestamp";s:1:"0";s:9:"copyright";s:0:"";s:12:"focal_length";s:1:"0";s:3:"iso";s:1:"0";s:13:"shutter_speed";s:1:"0";s:5:"title";s:0:"";s:11:"orientation";s:1:"0";s:8:"keywords";a:0:{}}s:14:"original_image";s:26:"pexels-pixabay-262508.jpeg";}]]></wp:meta_value>
		</wp:postmeta>
							</item>
					<item>
		<title><![CDATA[pexels-pixabay-270637]]></title>
		<link>http://wp-devs.local/hello-world/pexels-pixabay-270637/</link>
		<pubDate>Thu, 17 Mar 2022 02:25:46 +0000</pubDate>
		<dc:creator><![CDATA[marcelo]]></dc:creator>
		<guid isPermaLink="false">http://wp-devs.local/wp-content/uploads/2022/02/pexels-pixabay-270637.jpeg</guid>
		<description></description>
		<content:encoded><![CDATA[]]></content:encoded>
		<excerpt:encoded><![CDATA[]]></excerpt:encoded>
		<wp:post_id>102</wp:post_id>
		<wp:post_date><![CDATA[2022-03-17 02:25:46]]></wp:post_date>
		<wp:post_date_gmt><![CDATA[2022-03-17 02:25:46]]></wp:post_date_gmt>
		<wp:post_modified><![CDATA[2022-03-17 02:25:46]]></wp:post_modified>
		<wp:post_modified_gmt><![CDATA[2022-03-17 02:25:46]]></wp:post_modified_gmt>
		<wp:comment_status><![CDATA[open]]></wp:comment_status>
		<wp:ping_status><![CDATA[closed]]></wp:ping_status>
		<wp:post_name><![CDATA[pexels-pixabay-270637]]></wp:post_name>
		<wp:status><![CDATA[inherit]]></wp:status>
		<wp:post_parent>1</wp:post_parent>
		<wp:menu_order>0</wp:menu_order>
		<wp:post_type><![CDATA[attachment]]></wp:post_type>
		<wp:post_password><![CDATA[]]></wp:post_password>
		<wp:is_sticky>0</wp:is_sticky>
						<wp:attachment_url><![CDATA[http://wp-devs.local/wp-content/uploads/2022/02/pexels-pixabay-270637-scaled.jpeg]]></wp:attachment_url>
											<wp:postmeta>
		<wp:meta_key><![CDATA[_wp_attached_file]]></wp:meta_key>
		<wp:meta_value><![CDATA[2022/02/pexels-pixabay-270637-scaled.jpeg]]></wp:meta_value>
		</wp:postmeta>
							<wp:postmeta>
		<wp:meta_key><![CDATA[_wp_attachment_metadata]]></wp:meta_key>
		<wp:meta_value><![CDATA[a:6:{s:5:"width";i:2560;s:6:"height";i:1700;s:4:"file";s:41:"2022/02/pexels-pixabay-270637-scaled.jpeg";s:5:"sizes";a:6:{s:6:"medium";a:4:{s:4:"file";s:34:"pexels-pixabay-270637-300x199.jpeg";s:5:"width";i:300;s:6:"height";i:199;s:9:"mime-type";s:10:"image/jpeg";}s:5:"large";a:4:{s:4:"file";s:35:"pexels-pixabay-270637-1024x680.jpeg";s:5:"width";i:1024;s:6:"height";i:680;s:9:"mime-type";s:10:"image/jpeg";}s:9:"thumbnail";a:4:{s:4:"file";s:34:"pexels-pixabay-270637-150x150.jpeg";s:5:"width";i:150;s:6:"height";i:150;s:9:"mime-type";s:10:"image/jpeg";}s:12:"medium_large";a:4:{s:4:"file";s:34:"pexels-pixabay-270637-768x510.jpeg";s:5:"width";i:768;s:6:"height";i:510;s:9:"mime-type";s:10:"image/jpeg";}s:9:"1536x1536";a:4:{s:4:"file";s:36:"pexels-pixabay-270637-1536x1020.jpeg";s:5:"width";i:1536;s:6:"height";i:1020;s:9:"mime-type";s:10:"image/jpeg";}s:9:"2048x2048";a:4:{s:4:"file";s:36:"pexels-pixabay-270637-2048x1360.jpeg";s:5:"width";i:2048;s:6:"height";i:1360;s:9:"mime-type";s:10:"image/jpeg";}}s:10:"image_meta";a:12:{s:8:"aperture";s:1:"0";s:6:"credit";s:0:"";s:6:"camera";s:0:"";s:7:"caption";s:0:"";s:17:"created_timestamp";s:1:"0";s:9:"copyright";s:0:"";s:12:"focal_length";s:1:"0";s:3:"iso";s:1:"0";s:13:"shutter_speed";s:1:"0";s:5:"title";s:0:"";s:11:"orientation";s:1:"0";s:8:"keywords";a:0:{}}s:14:"original_image";s:26:"pexels-pixabay-270637.jpeg";}]]></wp:meta_value>
		</wp:postmeta>
							</item>
					<item>
		<title><![CDATA[pexels-tranmautritam-69432]]></title>
		<link>http://wp-devs.local/hello-world/pexels-tranmautritam-69432/</link>
		<pubDate>Thu, 17 Mar 2022 02:25:52 +0000</pubDate>
		<dc:creator><![CDATA[marcelo]]></dc:creator>
		<guid isPermaLink="false">http://wp-devs.local/wp-content/uploads/2022/02/pexels-tranmautritam-69432.jpeg</guid>
		<description></description>
		<content:encoded><![CDATA[]]></content:encoded>
		<excerpt:encoded><![CDATA[]]></excerpt:encoded>
		<wp:post_id>103</wp:post_id>
		<wp:post_date><![CDATA[2022-03-17 02:25:52]]></wp:post_date>
		<wp:post_date_gmt><![CDATA[2022-03-17 02:25:52]]></wp:post_date_gmt>
		<wp:post_modified><![CDATA[2022-03-17 02:25:52]]></wp:post_modified>
		<wp:post_modified_gmt><![CDATA[2022-03-17 02:25:52]]></wp:post_modified_gmt>
		<wp:comment_status><![CDATA[open]]></wp:comment_status>
		<wp:ping_status><![CDATA[closed]]></wp:ping_status>
		<wp:post_name><![CDATA[pexels-tranmautritam-69432]]></wp:post_name>
		<wp:status><![CDATA[inherit]]></wp:status>
		<wp:post_parent>1</wp:post_parent>
		<wp:menu_order>0</wp:menu_order>
		<wp:post_type><![CDATA[attachment]]></wp:post_type>
		<wp:post_password><![CDATA[]]></wp:post_password>
		<wp:is_sticky>0</wp:is_sticky>
						<wp:attachment_url><![CDATA[http://wp-devs.local/wp-content/uploads/2022/02/pexels-tranmautritam-69432-scaled.jpeg]]></wp:attachment_url>
											<wp:postmeta>
		<wp:meta_key><![CDATA[_wp_attached_file]]></wp:meta_key>
		<wp:meta_value><![CDATA[2022/02/pexels-tranmautritam-69432-scaled.jpeg]]></wp:meta_value>
		</wp:postmeta>
							<wp:postmeta>
		<wp:meta_key><![CDATA[_wp_attachment_metadata]]></wp:meta_key>
		<wp:meta_value><![CDATA[a:6:{s:5:"width";i:2560;s:6:"height";i:1707;s:4:"file";s:46:"2022/02/pexels-tranmautritam-69432-scaled.jpeg";s:5:"sizes";a:6:{s:6:"medium";a:4:{s:4:"file";s:39:"pexels-tranmautritam-69432-300x200.jpeg";s:5:"width";i:300;s:6:"height";i:200;s:9:"mime-type";s:10:"image/jpeg";}s:5:"large";a:4:{s:4:"file";s:40:"pexels-tranmautritam-69432-1024x683.jpeg";s:5:"width";i:1024;s:6:"height";i:683;s:9:"mime-type";s:10:"image/jpeg";}s:9:"thumbnail";a:4:{s:4:"file";s:39:"pexels-tranmautritam-69432-150x150.jpeg";s:5:"width";i:150;s:6:"height";i:150;s:9:"mime-type";s:10:"image/jpeg";}s:12:"medium_large";a:4:{s:4:"file";s:39:"pexels-tranmautritam-69432-768x512.jpeg";s:5:"width";i:768;s:6:"height";i:512;s:9:"mime-type";s:10:"image/jpeg";}s:9:"1536x1536";a:4:{s:4:"file";s:41:"pexels-tranmautritam-69432-1536x1024.jpeg";s:5:"width";i:1536;s:6:"height";i:1024;s:9:"mime-type";s:10:"image/jpeg";}s:9:"2048x2048";a:4:{s:4:"file";s:41:"pexels-tranmautritam-69432-2048x1365.jpeg";s:5:"width";i:2048;s:6:"height";i:1365;s:9:"mime-type";s:10:"image/jpeg";}}s:10:"image_meta";a:12:{s:8:"aperture";s:1:"0";s:6:"credit";s:0:"";s:6:"camera";s:0:"";s:7:"caption";s:0:"";s:17:"created_timestamp";s:1:"0";s:9:"copyright";s:0:"";s:12:"focal_length";s:1:"0";s:3:"iso";s:1:"0";s:13:"shutter_speed";s:1:"0";s:5:"title";s:0:"";s:11:"orientation";s:1:"0";s:8:"keywords";a:0:{}}s:14:"original_image";s:31:"pexels-tranmautritam-69432.jpeg";}]]></wp:meta_value>
		</wp:postmeta>
							</item>
				</channel>
</rss>
	